시리얼,주소,위도,경도
V02Q1940655,서울특별시 종로구 북촌로6길 1,37.580050842,126.985146172
V02Q1940539,서울특별시 종로구 이화장길 33,37.576920428,127.00451366
V02Q1940737,서울특별시 종로구 평창10길 5,37.605426219,126.967434876
V02Q1940721,서울특별시 종로구 혜화로 2,37.586058682,127.000838323
V02Q1940522,서울특별시 종로구 지봉로13길 82,37.57707481,127.012366545
V02Q1940499,서울특별시 종로구 사직로8길 13,37.574960033,126.970272261
V02Q1940695,서울특별시 종로구 송월길 154,37.571836554,126.962031834
V02Q1940716,서울특별시 종로구 통일로14길 36,37.575952972,126.958181622
V02Q1940649,서울특별시 종로구 경희궁1길 15,37.5713404,126.9705036
V02Q1940232,서울특별시 종로구 삼청로 107,37.585032927,126.981875888
V02Q1940710,서울특별시 종로구 지봉로 86,37.577843118,127.01562884
V02Q1940796,서울특별시 종로구 종로65길 10,37.574848152,127.019982768
V02Q1940719,서울특별시 종로구 삼일대로30길 47,37.574464343,126.990243912
V02Q1940818,서울특별시 종로구 지봉로 8-6,37.570741306,127.016374099
V02Q1940720,서울특별시 종로구 창신길 62,37.574432258,127.010888926
V02Q1940837,서울특별시 종로구 자하문로 92,37.58414084,126.970563131
V02Q1940859,서울특별시 종로구 창의문로 145,37.592431514,126.964090572
V02Q1940857,서울특별시 종로구 북촌로 134-3,37.588018361,126.984056948
V02Q1940881,서울특별시 종로구 대학로 104,37.580372067,127.003028403
V02Q1940843,서울특별시 종로구 북촌로 20-27,37.578936514,126.98591264
V02Q1940822,서울특별시 종로구 통일로14길 19,37.575423844,126.957780596
V02Q1940797,서울특별시 종로구 자하문로 260,37.597396662,126.963352166
V02Q1940883,서울측별시 종로구 사직동 262-197,37.576561959,126.965536299
V02Q1940886,서울특별시 종로구 삼청로4길 22,37.582398821,126.982104196
V02Q1940807,서울특별시 종로구 종로66가길 35,37.573115622,127.020059004
V02Q1940848,서울특별시 종로구 이화장1나길 15,37.577698183,127.006748049
V02Q1940687,서울특별시 종로구 낙산1길 21,37.581173137,127.00573413
V02Q1940827,서울측별시 종로구 동숭동 6-31,37.583250447,127.005814953
V02Q1940839,서울특별시 종로구 수표로22길 22,37.571218817,126.990608589
V02Q1940718,서울특별시 종로구 율곡로22나길 21,37.573899271,127.004658247
V02Q1940810,서울특별시 종로구 종로53길 29,37.573677936,127.013204061
V02Q1940875,서울특별시 종로구 창신길 163,37.578529489,127.009067983
V02Q1940844,서울특별시 종로구 지봉로13길 14,37.579110321,127.01458637
V02Q1940802,서울특별시 종로구 평창문화로 48,37.605283318,126.966737815
V02Q1940877,서울특별시 종로구 진흥로 438-8,37.607870193,126.956372518
V02Q1940817,서울특별시 종로구 성균관로5길 25-13,37.584479904,126.996923175
V02Q1940840,서울특별시 종로구 창경궁로26길 7,37.58188025,126.998152524
V02Q1940808,서울특별시 종로구 송월길 2,37.568745241,126.968764924
V02Q1940841,서울특별시 종로구 종로35가길 19,37.572037343,127.005041449
V02Q1940536,서울특별시 중구 마른내로10길 17,37.563560918,126.997219571
V02Q1940570,서울특별시 중구 동호로15길 50,37.554358673,127.008042572
V02Q1940436,서울특별시 중구 남대문시장10길 2,37.560575664,126.979644431
V02Q1940541,서울특별시 중구 세종대로 74,37.562768984,126.976764495
V02Q1940546,서울측별시 중구 신당동 152-7,37.564448469,127.022110315
V02Q1940568,서울특별시 중구 다산로33다길 3,37.562850728,127.013260366
V02Q1940598,서울특별시 중구 청구로8길 41,37.56225664,127.01426035
V02Q1940562,서울특별시 중구 을지로12길 18,37.56554217,126.991035069
V02Q1940564,서울특별시 중구 장충단로6가길 32,37.560859569,127.008563128
V02Q1940508,서울특별시 중구 중림로4길 24,37.558188462,126.964270835
V02Q1940599,서울특별시 중구 다산로24길 77,37.557384557,127.016557496
V02Q1940553,서울특별시 중구 필동로 6-1,37.560826891,126.996000954
V02Q1940540,서울특별시 중구 명동9길 35,37.565310977,126.9843718
V02Q1940500,서울특별시 중구 다산로38길 66-35,37.561552657,127.018748694
V02Q1940527,서울특별시 중구 마장로15길 20,37.568985838,127.021883159
V02Q1940053,서울특별시 중구 소공로 116,37.56500075,126.978715858
V02Q1940529,서울측별시 중구 신당동 837-4,37.559400896,127.02043854
V02Q1940596,서울특별시 중구 퇴계로10길 8,37.559046312,126.98031176
V02Q1940573,서울특별시 중구 을지로39길 41,37.568390808,127.005469263
V02Q1940566,서울특별시 중구 을지로19길 13,37.567234241,126.995184955
V02Q1940498,서울특별시 중구 퇴계로 210-19,37.560812132,126.995525523
V02Q1940604,서울특별시 중구 다동길 31,37.567837219,126.98094143
V02Q1940597,서울특별시 중구 퇴계로12가길 15,37.556195026,126.981160888
V02Q1940554,서울특별시 중구 동호로 218,37.557286013,127.009175344
V02Q1940544,서울특별시 중구 퇴계로50길 22,37.56174971,127.001153
V02Q1940302,서울측별시 중구 순화동 221,37.559509204,126.971893203
V02Q1940438,서울특별시 중구 서소문로 89,37.56240118,126.9705698
V02Q1940567,서울특별시 중구 창경궁로5다길 22,37.567955619,126.996509941
V02Q1940602,서울측별시 중구 회현동1가 100-115,37.554623618,126.98055898
V02Q1940608,서울특별시 중구 소파로 97,37.55662898,126.985664183
V02Q1940780,서울특별시 중구 덕수궁길 15,37.564698899,126.975981023
V02Q1940571,서울특별시 용산구 두텁바위로1길 57,37.546504106,126.975236492
V02Q1940523,서울특별시 용산구 보광로7길 38,37.52570799,126.999222183
V02Q1940726,서울특별시 용산구 새창로12길 11-7,37.539012287,126.957917034
V02Q1940651,서울특별시 용산구 신흥로20길 9,37.546239741,126.984790146
V02Q1940574,서울특별시 용산구 원효로 210-16,37.537191941,126.9656751
V02Q1940595,서울특별시 용산구 효창원로8길 3,37.534418731,126.9513911
V02Q1940572,서울측별시 용산구 이촌동 301-156,37.521117972,126.97179047
V02Q1940600,서울특별시 용산구 이촌로22길 13-22,37.52444602,126.956842648
V02Q1940648,서울특별시 용산구 우사단로 25,37.532294579,126.995986461
V02Q1940686,서울특별시 용산구 회나무로13나길 21,37.541371627,126.991128742
V02Q1940637,서울특별시 용산구 서빙고로 35,37.525447033,126.968845768
V02Q1940698,서울특별시 용산구 대사관로7길 12,37.534626724,127.000735898
V02Q1940525,서울측별시울 용산구 효창동 5-127,37.542265658,126.960760204
V02Q1940584,서울특별시 용산구 후암로28길 11,37.549955116,126.978020139
V02Q1940577,서울측별시 용산구 서빙고동 1-3,37.523642878,126.993653966
V02Q1940524,서울특별시 용산구 청파로93길 16,37.554374634,126.968131192
V02Q1940731,서울특별시 용산구 이촌로 347-11,37.517989157,126.985318268
V02Q1940559,서울특별시 용산구 이태원로14길 36,37.532936634,126.991219946
V02Q1940668,서울측별시 용산구 이촌동 414,37.5190397,126.980569679
V02Q1940630,서울특별시 용산구 서빙고로 4-16,37.525540411,126.965070815
V02Q1940664,서울특별시 용산구 이촌로87길 21,37.520370616,126.977056762
V02Q1940578,서울특별시 용산구 서빙고로95길 7,37.526352633,127.002884625
V02Q1940856,서울특별시 용산구 이태원로 224-19,37.5349991,127.000273647
V02Q1940830,서울측별시 용산구 이촌동 376,37.521338691,126.959447221
V02Q1940473,서울특별시 성동구 금호로16길 2,37.556839663,127.019950184
V02Q1940636,서울특별시 성동구 무수막18길 26,37.552372662,127.022960186
V02Q1940526,서울특별시 성동구 독서당로46길 17,37.546924916,127.021529388
V02Q1940156,서울특별시 성동구 마장로46길 12-19,37.566674857,127.045521513
V02Q1940590,서울특별시 성동구 사근동12길 5,37.560723571,127.048425106
V02Q1940502,서울특별시 성동구 뚝섬로3길 8,37.54081481,127.049563967
V02Q1940545,서울특별시 성동구 서울숲2길 46,37.546306095,127.043661494
V02Q1940556,서울특별시 성동구 성수이로7길 11,37.540241557,127.054675329
V02Q1940594,서울특별시 성동구 광나루로2길 19,37.549231792,127.053877502
V02Q1940503,서울특별시 성동구 송정18가길 19,37.554020674,127.068888201
V02Q1940617,서울특별시 성동구 한림말3길 10,37.541972102,127.016370616
V02Q1940616,서울측별시 성동구 하왕십리동 976-12,37.560443166,127.030835302
V02Q1940563,서울특별시 성동구 왕십리로28길 1-1,37.564129832,127.031439736
V02Q1940603,서울측별시 성동구 용답동 6-13,37.563368336,127.055964397
V02Q1940639,서울특별시 성동구 독서당로62길 10,37.54966889,127.03182637
V02Q1940644,서울특별시 성동구 왕십리로 307,37.561197184,127.034602965
V02Q1940504,서울특별시 성동구 왕십리로21길 57,37.55905889,127.02896077
V02Q1940607,서울측별시 성동구 행당동 150-2,37.55887111,127.038552736
V02Q1940628,서울특별시 성동구 마장로35나길 13,37.568356828,127.040528854
V02Q1940615,서울측별시 성동구 금호동1가 130-2,37.557838543,127.024148057
V02Q1940642,서울특별시 성동구 자동차시장1길 64,37.560215516,127.064339113
V02Q1940670,서울특별시 성동구 성덕정9길 13,37.539279182,127.049873167
V02Q1940454,서울측별시 성동구 용답동 226-4,37.561013865,127.059082462
V02Q1940582,서울특별시 성동구 독서당로60길 12,37.548917364,127.030950576
V02Q1940828,서울특별시 성동구 마조로9길 16,37.561332045,127.039688831
V02Q1940261,서울특별시 성동구 상원10길 17,37.549808841,127.049770229
V02Q1940735,서울특별시 성동구 무학로14길 33,37.568406512,127.033660707
V02Q1940112,서울특별시 성동구 동일로55길 8,37.556514509,127.071193511
V02Q1940491,서울특별시 성동구 천호대로 278,37.56727451,127.05169485
V02Q1940623,서울특별시 성동구 마조로15길 20,37.563719858,127.039492971
V02Q1940587,서울특별시 성동구 아차산로13길 37,37.546671331,127.062139709
V02Q1940739,서울특별시 성동구 금호산길 16,37.54976209,127.019608782
V02Q1940870,서울특별시 성동구 둘레1길 12-30,37.538102738,127.046880664
V02Q1940588,서울측별시 성동구 사근동 110,37.55810867,127.050859556
V02Q1940601,서울특별시 성동구 사근동12길 12-1,37.560264565,127.048014605
V02Q1940441,서울측별시 성동구 행당동 134-9,37.558352332,127.037694516
V02Q1940738,서울특별시 성동구 무수막길 60-1,37.55144214,127.021554176
V02Q1940460,서울특별시 성동구 왕십리로11길 15,37.548894235,127.042497472
V02Q1940367,서울특별시 성동구 금호로 151,37.554394775,127.020099839
V02Q1940758,서울특별시 성동구 왕십리로21길 32-1,37.560119488,127.031606382
V02Q1940270,서울특별시 성동구 아차산로 20,37.547286983,127.046740172
V02Q1940842,서울특별시 성동구 고산자로2길 4,37.55214248,127.03558479
V02Q1940258,서울특별시 성동구 왕십리로31나길 23,37.562998002,127.028435382
V02Q1940871,서울특별시 성동구 청계천로12가길 63,37.57114665,127.037105979
V02Q1940868,서울특별시 성동구 용답길 111,37.560512835,127.052853492
V02Q1940627,서울특별시 성동구 송정12가길 50,37.551819341,127.067379627
V02Q1940753,서울특별시 성동구 독서당로51길 13,37.549364662,127.026655727
V02Q1940866,서울측별시 성동구 행당동 317-18,37.558038604,127.029649353
V02Q1940575,서울특별시 성동구 행당로6길 74,37.555822871,127.032318247
V02Q1940263,서울특별시 성동구 자동차시장1길 46-6,37.560874377,127.062747282
V02Q1940733,서울특별시 성동구 아차산로7나길 9,37.54818971,127.056597845
V02Q1940496,서울특별시 성동구 뚝섬로17길 12,37.538775645,127.059760733
V02Q1940744,서울특별시 성동구 연무장5길 18,37.544751429,127.053111792
V02Q1940511,서울특별시 성동구 독서당로57길 48,37.552655082,127.029032211
V02Q1940632,서울특별시 성동구 왕십리로24길 27-1,37.564964319,127.03447479
V02Q1940580,서울특별시 성동구 용답중앙11길 2,37.56518716,127.05111116
V02Q1940761,서울측별시 성동구 마장동 산 23-2,37.564052441,127.044424399
V02Q1940565,서울특별시 성동구 성수이로7길 34,37.541950115,127.053612431
V02Q1940501,서울특별시 성동구 고산자로2길 10-4,37.552003424,127.036324364
V02Q1940709,서울특별시 성동구 마장로39길 51,37.569445214,127.0446016
V02Q1940286,서울측별시 성동구 하왕십리동 1052-1,37.562166194,127.026682312
V02Q1940530,서울특별시 성동구 성수일로3길 7,37.542144186,127.047751758
V02Q1940743,서울특별시 성동구 성덕정길 118-14,37.536409649,127.056387019
V02Q1940748,서울특별시 성동구 둘레9길 13,37.537369863,127.050872231
V02Q1940786,서울특별시 성동구 뚝섬로3길 18,37.542101542,127.049671321
V02Q1940202,서울특별시 광진구 천호대로107길 54,37.560119378,127.079537928
V02Q1940280,서울특별시 광진구 용마산로21길 65,37.561975588,127.085032552
V02Q1940200,서울특별시 광진구 동일로76가길 28,37.56868612,127.08018012
V02Q1940209,서울특별시 광진구 긴고랑로 135-1,37.559024868,127.090120711
V02Q1940305,서울특별시 광진구 능동로24길 76,37.553149621,127.080543809
V02Q1940327,서울특별시 광진구 자양로28길 14,37.542256532,127.08511357
V02Q1940294,서울특별시 광진구 자양로40길 8,37.548160591,127.089682707
V02Q1940392,서울특별시 광진구 아차산로60길 13-13,37.538286643,127.09239683
V02Q1940371,서울특별시 광진구 천호대로143길 21,37.546677593,127.103453692
V02Q1940403,서울특별시 광진구 자양로13길 47,37.534309074,127.081985567
V02Q1940391,서울특별시 광진구 자양로3가길 36,37.528616803,127.085121222
V02Q1940393,서울특별시 광진구 뚝섬로38길 18,37.533488262,127.073006117
V02Q1940383,서울특별시 광진구 능동로3가길 16,37.533285662,127.065647463
V02Q1940204,서울특별시 광진구 능동로17길 28,37.546696348,127.072036473
V02Q1940134,서울특별시 광진구 면목로 18,37.555797885,127.075819699
V02Q1940411,서울특별시 광진구 구의강변로 35,37.533878243,127.091521
V02Q1940387,서울특별시 광진구 능동로 110,37.540054044,127.070979283
V02Q1940416,서울특별시 광진구 자양로33길 44,37.547805223,127.086413575
V02Q1940888,서울특별시 광진구 긴고랑로13길 10,37.563073533,127.081994745
V02Q1940860,서울특별시 광진구 자양로13길 73,37.533442403,127.080963254
V02Q1940506,서울특별시 광진구 강변역로4길 10,37.535029673,127.093240689
V02Q1940779,서울특별시 광진구 광나루로 571,37.54460929,127.0961067
V02Q1940815,서울측별시 광진구 자양동 427-8,37.52986155,127.0704949
V02Q1940812,서울측별시 광진구 자양동 97-5,37.53093689,127.0661195
V02Q1940084,서울특별시 동대문구 전농로16길 97,37.57837517,127.062435444
V02Q1940118,서울특별시 동대문구 약령시로 16,37.582389091,127.031492377
V02Q1940122,서울특별시 동대문구 왕산로43나길 19,37.585745992,127.047911727
V02Q1940089,서울특별시 동대문구 경희대로4길 37,37.591920242,127.054625269
V02Q1940099,서울특별시 동대문구 회기로31가길 35,37.590513804,127.056900217
V02Q1940109,서울특별시 동대문구 망우로20길 87,37.59082051,127.067222341
V02Q1940049,서울특별시 동대문구 고산자로31길 25,37.576759908,127.036377298
V02Q1940115,서울특별시 동대문구 외대역동로30길 1,37.59804281,127.0655073
V02Q1940108,서울특별시 동대문구 신이문로 27-12,37.603444027,127.06553159
V02Q1940085,서울특별시 동대문구 답십리로66길 105,37.568335627,127.065888469
V02Q1940106,서울특별시 동대문구 답십리로15길 26,37.577620837,127.047193641
V02Q1940081,서울특별시 동대문구 사가정로2길 9,37.571324256,127.051002473
V02Q1940092,서울특별시 동대문구 답십리로60길 40,37.57114055,127.064511783
V02Q1940119,서울특별시 동대문구 장한로26다길 36,37.570142567,127.072957047
V02Q1940120,서울특별시 동대문구 사가정로 253,37.579466431,127.072446389
V02Q1940097,서울특별시 동대문구 한천로51길 38-2,37.585227838,127.065532717
V02Q1940058,서울특별시 동대문구 전농로16길 51,37.579775245,127.062025196
V02Q1940101,서울특별시 동대문구 무학로26길 33,37.57339424,127.032539856
V02Q1940088,서울측별시 동대문구 답십리동 530-10,37.567820321,127.052534714
V02Q1940096,서울측별시 동대문구 장안동 413-3,37.563007565,127.05965716
V02Q1940116,서울특별시 동대문구 왕산로 4,37.575544428,127.023784031
V02Q1940785,서울특별시 동대문구 천호대로13길 43,37.576145706,127.02883617
V02Q1940277,서울특별시 중랑구 상봉로12가길 11,37.591143947,127.094226799
V02Q1940248,서울특별시 중랑구 용마산로120길 4-9,37.601121064,127.1007879
V02Q1940250,서울특별시 중랑구 봉우재로20길 53,37.589051004,127.080892386
V02Q1940252,서울특별시 중랑구 면목로30길 6,37.575809219,127.086173753
V02Q1940191,서울특별시 중랑구 동일로95가길 14,37.585408006,127.079020497
V02Q1940195,서울특별시 중랑구 면목로 290,37.57867312,127.08632442
V02Q1940225,서울특별시 중랑구 면목로 382,37.585977361,127.088403159
V02Q1940218,서울특별시 중랑구 중랑역로 184,37.609849426,127.076300976
V02Q1940241,서울특별시 중랑구 상봉중앙로3길 12,37.599989151,127.087072882
V02Q1940243,서울특별시 중랑구 동일로114길 9,37.593353018,127.080975704
V02Q1940237,서울특별시 중랑구 용마산로125가길 22,37.60508772,127.099718938
V02Q1940254,서울특별시 중랑구 봉화산로 190,37.60596326,127.09414464
V02Q1940311,서울특별시 중랑구 봉화산로20길 7-15,37.600675313,127.081937393
V02Q1940307,서울특별시 중랑구 용마산로84길 9,37.585376989,127.09545315
V02Q1940233,서울특별시 중랑구 공릉로2라길 37,37.613554041,127.081496414
V02Q1940159,서울특별시 중랑구 중랑천로24길 19,37.59769087,127.072823222
V02Q1940235,서울특별시 중랑구 중랑역로43길 39,37.612546563,127.073414828
V02Q1940255,서울특별시 중랑구 면목로49길 33,37.582766561,127.086701009
V02Q1940727,서울특별시 중랑구 동일로139다길 40,37.605046967,127.076287931
V02Q1940944,서울특별시 중랑구 봉화산로3길 78,37.60504164,127.075432599
V02Q1940172,서울측별시 중랑구 면목동 산 1-4,37.574032599,127.089326245
V02Q1940231,서울특별시 중랑구 중랑천로12길 34,37.592679588,127.074777884
V02Q1940882,서울특별시 중랑구 용마산로 369,37.584898881,127.094025798
V02Q1940131,서울특별시 성북구 동소문로26라길 12-5,37.594485209,127.021195754
V02Q1940283,서울특별시 성북구 안암로3길 39,37.580601951,127.023030202
V02Q1940284,서울특별시 성북구 삼선교로23가길 30,37.589684126,127.01292024
V02Q1940276,서울특별시 성북구 고려대로12길 17-25,37.585538222,127.0235089
V02Q1940206,서울특별시 성북구 오패산로19길 32,37.609442,127.034101399
V02Q1940143,서울특별시 성북구 화랑로18길 35,37.605853317,127.049738379
V02Q1940379,서울특별시 성북구 장위로21길 7,37.614202405,127.043665947
V02Q1940064,서울특별시 성북구 화랑로33길 15,37.611079418,127.055516594
V02Q1940087,서울특별시 성북구 장위로 49길 7,37.61592312,127.05502512
V02Q1940381,서울특별시 성북구 정릉로38다길 33,37.601609293,127.016720958
V02Q1940388,서울측별시 성북구 정릉동 산 87-10,37.604028401,127.009921999
V02Q1940406,서울특별시 성북구 솔샘로5길 15,37.609392922,127.004354963
V02Q1940401,서울특별시 성북구 보국문로 102,37.613203808,127.007460258
V02Q1940322,서울특별시 성북구 월곡로5길 73,37.599172405,127.036027437
V02Q1940147,서울특별시 성북구 화랑로40길 4,37.613086579,127.06171539
V02Q1940351,서울특별시 성북구 창경궁로43길 70-7,37.591053944,127.003006912
V02Q1940418,서울특별시 성북구 길음로15길 23,37.609877929,127.017534204
V02Q1940344,서울특별시 성북구 삼양로2길 24,37.605800332,127.025556259
V02Q1940328,서울특별시 성북구 정릉로52길 21,37.603348199,127.029375552
V02Q1940361,서울특별시 성북구 흥천사길 7,37.597979468,127.010785803
V02Q1940415,서울특별시 성북구 오패산로1길 21,37.603943867,127.03574691
V02Q1940362,서울특별시 성북구 동소문로 248,37.60337797,127.024172083
V02Q1940335,서울특별시 성북구 화랑로13길 108,37.607742032,127.041340346
V02Q1940419,서울특별시 성북구 북악산로 927-29,37.595702008,127.024181745
V02Q1940879,서울특별시 성북구 삼양로2길 70,37.606667961,127.027318073
V02Q1940330,서울특별시 강북구 삼양로64길 22,37.627788213,127.019350684
V02Q1940160,서울특별시 강북구 삼양로139길 54,37.647948746,127.011625138
V02Q1940314,서울특별시 강북구 삼양로24길 56,37.618561243,127.022803822
V02Q1940207,서울특별시 강북구 삼양로19길 154,37.617077135,127.01527246
V02Q1940431,서울특별시 강북구 덕릉로 187-14,37.63638945,127.033963592
V02Q1940394,서울특별시 강북구 오현로35길 62,37.632093192,127.038108994
V02Q1940414,서울특별시 강북구 한천로105길 27,37.625965579,127.046157842
V02Q1940386,서울특별시 강북구 오현로10길 13,37.615911192,127.034160265
V02Q1940429,서울특별시 강북구 인수봉로 260,37.642010944,127.011032768
V02Q1940378,서울특별시 강북구 삼양로81길 15,37.631155545,127.016796019
V02Q1940300,서울특별시 강북구 한천로155길 30,37.643785116,127.01947166
V02Q1940409,서울특별시 강북구 노해로8길 13,37.638074909,127.02376184
V02Q1940137,서울특별시 강북구 도봉로54길 24,37.627319486,127.02715057
V02Q1940107,서울특별시 강북구 솔샘로31길 12,37.620774122,127.012353218
V02Q1940340,서울특별시 강북구 도봉로50길 11,37.625515396,127.027245038
V02Q1940253,서울특별시 강북구 삼양로149가길 9,37.65394832,127.0112059
V02Q1940949,서울특별시 강북구 삼양로74길 81,37.630375704,127.022627851
V02Q1940746,서울특별시 강북구 수유로4길 58,37.632189703,127.021742016
V02Q1940448,서울특별시 강북구 도봉로67길 8,37.630759384,127.023550324
V02Q1940477,서울특별시 강북구 삼양로169길 34-32,37.6620208,127.011085788
V02Q1940823,서울특별시 강북구 삼양로88가길 1,37.635011606,127.017942863
V02Q1940763,서울특별시 강북구 오현로25다길 54,37.626592071,127.034623328
V02Q1940712,서울특별시 강북구 삼양로139길 49,37.647922785,127.011898041
V02Q1940329,서울특별시 도봉구 도봉로 851,37.680506067,127.044592639
V02Q1940264,서울특별시 도봉구 도봉로154길 18,37.671181441,127.0451551
V02Q1940334,서울특별시 도봉구 방학로2가길 15,37.665639055,127.040068726
V02Q1940203,서울측별시 도봉구 방학동 605,37.669322061,127.032315603
V02Q1940338,서울특별시 도봉구 방학로17길 15-5,37.660906226,127.023400235
V02Q1940320,서울특별시 도봉구 쌍문동 414-159,37.649767589,127.019891368
V02Q1940205,서울특별시 도봉구 도당로2길 51,37.659465824,127.037995194
V02Q1940342,서울측별시 도봉구 쌍문동 315-362,37.648071356,127.029080112
V02Q1940324,서울특별시 도봉구 노해로 201-9,37.651536117,127.030631818
V02Q1940323,서울특별시 도봉구 해등로 50,37.649251734,127.046112438
V02Q1940265,서울특별시 도봉구 덕릉로53길 54,37.639543,127.035005
V02Q1940242,서울특별시 도봉구 덕릉로62길 60,37.639440368,127.042584289
V02Q1940404,서울특별시 도봉구 노해로 403,37.65320724,127.052329425
V02Q1940091,서울측별시 도봉구 창동 224-41,37.656045003,127.043718917
V02Q1940331,서울특별시 도봉구 노해로48길 93,37.650506581,127.033422705
V02Q1940345,서울측별시 도봉구 창동 659-3,37.649170939,127.035284494
V02Q1940303,서울측별시 도봉구 도봉동 39-3,37.689231812,127.046734855
V02Q1940846,서울특별시 도봉구 덕릉로60다길 40,37.637396377,127.039003681
V02Q1940799,서울특별시 도봉구 덕릉로54가길 7,37.637816803,127.03827096
V02Q1940135,서울특별시 도봉구 도봉로191길 58,37.690991222,127.042373479
V02Q1940390,서울특별시 도봉구 마들로13길 84,37.654728776,127.047743044
V02Q1940325,서울특별시 도봉구 도봉산4길 45-6,37.68923847,127.041879527
V02Q1940665,서울특별시 도봉구 덕릉로57길 62,37.64068341,127.035490388
V02Q1940889,서울특별시 도봉구 덕릉로59바길 40,37.63994636,127.0360107
V02Q1940783,서울특별시 도봉구 덕릉로59가길 22,37.639645297,127.038053156
V02Q1940752,서울특별시 도봉구 시루봉로2길 34,37.654166168,127.029228176
V02Q1940266,서울특별시 노원구 동일로 1062,37.62510077,127.073488361
V02Q1940299,서울측별시 노원구 공릉동 240-236,37.621127537,127.083295965
V02Q1940281,서울특별시 노원구 동일로 1493,37.661361646,127.058403515
V02Q1940275,서울특별시 노원구 동일로245길 143,37.682424032,127.05267806
V02Q1940234,서울특별시 노원구 상계로 117,37.65777193,127.06774611
V02Q1940128,서울특별시 노원구 덕릉로131길 29-18,37.674109621,127.081840073
V02Q1940146,서울특별시 노원구 한글비석로41길 3,37.662543053,127.069311242
V02Q1940216,서울특별시 노원구 동일로216길 42,37.651978806,127.064043899
V02Q1940075,서울특별시 노원구 동일로227길 86,37.667404076,127.053456508
V02Q1940238,서울특별시 노원구 한글비석로 489,37.664753976,127.06336573
V02Q1940290,서울특별시 노원구 석계로13길 7,37.62054243,127.062463216
V02Q1940155,서울특별시 노원구 초안산로5길 28,37.63240834,127.0508516
V02Q1940291,서울특별시 노원구 마들로 86,37.621414751,127.069568731
V02Q1940267,서울특별시 노원구 한글비석로 286,37.652649252,127.078239562
V02Q1940154,서울특별시 노원구 한글비석로1길 81-20,37.642158807,127.069983839
V02Q1940210,서울측별시 노원구 중계동 129-6,37.660883747,127.07885917
V02Q1940183,서울특별시 노원구 중계로12길 6,37.647822881,127.081222563
V02Q1940132,서울특별시 노원구 노원로 253,37.64010401,127.072986056
V02Q1940157,서울특별시 노원구 공릉로55길 96,37.63161114,127.0674942
V02Q1940215,서울특별시 노원구 공릉로 192,37.6269977,127.079103124
V02Q1940226,서울특별시 노원구 석계로 2,37.61493832,127.06474396
V02Q1940298,서울특별시 노원구 동일로242길 123,37.67465443,127.0619009
V02Q1940885,서울특별시 노원구 상계로9가길 52,37.659896978,127.068541738
V02Q1940950,서울특별시 노원구 동일로182길 6-11,37.622809925,127.074963276
V02Q1940076,서울특별시 노원구 동일로180길 48-16,37.622023532,127.077480597
V02Q1940150,서울측별시 노원구 상계동 770-2,37.644166701,127.060686742
V02Q1940257,서울특별시 노원구 동일로207길 140,37.639543904,127.060697269
V02Q1940245,서울특별시 노원구 동일로237바길 7,37.6737622,127.050567207
V02Q1940153,서울특별시 노원구 동일로250길 44-142,37.683586447,127.064959454
V02Q1940151,서울측별시 노원구 상계동 1146-6,37.679160221,127.052082794
V02Q1940755,서울특별시 노원구 상계로23길 17,37.658856107,127.068500793
V02Q1940339,서울특별시 은평구 갈현로 299,37.623466453,126.916906052
V02Q1940343,서울특별시 은평구 연서로27길 27,37.618708097,126.916591541
V02Q1940336,서울측별시 은평구 구산동 153-2,37.611799643,126.90985303
V02Q1940317,서울특별시 은평구 은평로21길 34,37.602631443,126.930628959
V02Q1940326,서울특별시 은평구 연서로20길 17,37.61408672,126.91983704
V02Q1940208,서울특별시 은평구 통일로66길 10-1,37.610598263,126.931352835
V02Q1940333,서울특별시 은평구 연서로41길 11,37.626081398,126.927710516
V02Q1940332,서울 은평구 신사동 29-5,37.597650438,126.912020853
V02Q1940341,서울특별시 은평구 연서로5길 8,37.604135693,126.914765263
V02Q1940377,서울특별시 은평구 백련산로4길 15,37.59483691,126.924548749
V02Q1940373,서울특별시 은평구 응암로 200,37.589868574,126.917320918
V02Q1940347,서울특별시 은평구 증산로5길 32,37.584427523,126.905224449
V02Q1940358,서울특별시 은평구 진관3로 20,37.638983563,126.918861419
V02Q1940435,서울특별시 은평구 수색로18길 6-1,37.583513221,126.894276875
V02Q1940476,서울특별시 은평구 은평터널로 149,37.592348032,126.906563171
V02Q1940337,서울특별시 은평구 은평로8길 15-1,37.598908246,126.920308931
V02Q1940139,서울측별시 은평구 진관동 17,37.643796055,126.924565394
V02Q1940485,서울특별시 은평구 은평로 82,37.599233119,126.916387325
V02Q1940370,서울특별시 은평구 불광로 145,37.619613134,126.932131205
V02Q1940475,서울특별시 은평구 서오릉로21가길 1,37.613989128,126.906555525
V02Q1940872,서울특별시 은평구 진흥로 215,37.61065265,126.933335739
V02Q1940569,서울측별시 서대문구 남가좌동 104-11,37.569421371,126.916755384
V02Q1940520,서울특별시 서대문구 거북골로 53-31,37.578225524,126.923232245
V02Q1940385,서울특별시 서대문구 거북골로21길 58,37.577809729,126.905285588
V02Q1940463,서울특별시 서대문구 거북골로24길 8,37.579936878,126.907522426
V02Q1940470,서울특별시 서대문구 연희로35길 9-7,37.578229928,126.935072281
V02Q1940516,서울특별시 서대문구 북아현로22길 30,37.565060519,126.954334209
V02Q1940412,서울특별시 서대문구 홍은중앙로5길 59,37.600292702,126.945826994
V02Q1940363,서울특별시 서대문구 모래내로17길 56,37.581395321,126.934347311
V02Q1940494,서울특별시 서대문구 통일로37가길 7-1,37.587446952,126.944520584
V02Q1940509,서울특별시 서대문구 홍제원길 7,37.586733569,126.947309111
V02Q1940514,서울특별시 서대문구 세검정로4길 90,37.592008674,126.951746595
V02Q1940487,서울특별시 서대문구 북아현로4가길 21,37.55887948,126.959004501
V02Q1940422,서울특별시 서대문구 봉원사2길 2,37.567576951,126.946465791
V02Q1940551,서울특별시 서대문구 독립문로8길 8,37.56877486,126.960863381
V02Q1940585,서울특별시 서대문구 이화여대8길 11,37.558823129,126.946573015
V02Q1940543,서울특별시 서대문구 세무서3길 25,37.590102072,126.94466226
V02Q1940592,서울특별시 서대문구 독립문로 12,37.570558497,126.959673009
V02Q1940488,서울특별시 서대문구 모래내로20길 24-17,37.582159204,126.939463278
V02Q1940138,서울특별시 서대문구 연세로2나길 42,37.557637123,126.939253586
V02Q1940852,서울측별시 서대문구 홍제동 7-13,37.593740345,126.949763762
V02Q1940613,서울특별시 마포구 포은로6길 27,37.555978909,126.90660427
V02Q1940635,서울특별시 마포구 방울내로9길 17,37.561275988,126.903330852
V02Q1940612,서울측별시 마포구 상암동 14-15,37.578076172,126.895192779
V02Q1940593,서울특별시 마포구 독막로22길 1-17,37.546899344,126.930239061
V02Q1940605,서울특별시 마포구 동교로 120,37.554430004,126.915440065
V02Q1940467,서울특별시 마포구 성산로4길 46,37.563488521,126.90910205
V02Q1940426,서울특별시 마포구 월드컵북로31길 35,37.56803912,126.907319515
V02Q1940519,서울특별시 마포구 신수로 62,37.547172179,126.934407432
V02Q1940629,서울특별시 마포구 손기정로 32,37.556894718,126.96161557
V02Q1940696,서울측별시 마포구 연남동 250-1,37.564714906,126.922272544
V02Q1940650,서울특별시 마포구 백범로 127,37.546687742,126.94542521
V02Q1940456,서울특별시 마포구 큰우물로 28,37.54325205,126.942792056
V02Q1940638,서울특별시 마포구 양화로1길 38,37.550293203,126.910390805
V02Q1940647,서울특별시 마포구 만리재옛길 68-1,37.549470249,126.958483037
V02Q1940661,서울특별시 마포구 숭문길 139,37.552353282,126.946551344
V02Q1940700,서울 마포구 도화동 1-452,37.540261822,126.956210073
V02Q1940640,서울특별시 마포구 연남로7길 16,37.563905103,126.919490435
V02Q1940531,서울특별시 마포구 신촌로 94,37.554919424,126.936237145
V02Q1940521,서울특별시 마포구 독막로19길 20-15,37.5487827,126.925552961
V02Q1940622,서울측별시 마포구 성산동 산 53-33,37.570480416,126.89657345
V02Q1940697,서울측별시 마포구 상암동 1734,37.587569235,126.882942751
V02Q1940586,서울특별시 마포구 동교로1길 45,37.552877884,126.900871236
V02Q1940449,서울특별시 마포구 포은로6길 15,37.555788909,126.90598427
V02Q1940711,서울특별시 마포구 월드컵로 50,37.553798996,126.912365117
V02Q1940945,서울특별시 마포구 월드컵로13길 57,37.555233706,126.906900824
V02Q1940581,서울특별시 마포구 방울내로7길 37,37.561425064,126.901619949
V02Q1940285,서울특별시 마포구 월드컵로11길 13,37.554722482,126.910362872
V02Q1940471,서울측별시 마포구 망원동 464-5,37.561086675,126.898801228
V02Q1940451,서울특별시 마포구 성산로2길 25,37.563493539,126.906147898
V02Q1940439,서울특별시 마포구 동교로23길 106,37.559890951,126.91747506
V02Q1940528,서울측별시 마포구 염리동 10-110,37.555307628,126.947000935
V02Q1940728,서울측별시 마포구 염리동 169-12,37.54493287,126.947100001
V02Q1940466,서울특별시 마포구 동교로50길 17,37.563406634,126.927032614
V02Q1940542,서울특별시 마포구 마포대로4다길 33-13,37.535392634,126.944436825
V02Q1940490,서울특별시 마포구 독막로38길 17,37.545544,126.9411261
V02Q1940534,서울특별시 마포구 신촌로22길 9,37.55572217,126.940289725
V02Q1940620,서울특별시 마포구 월드컵로34길 13,37.565144468,126.903473437
V02Q1940643,서울특별시 마포구 토정로 8-41,37.544351645,126.912963429
V02Q1940634,서울특별시 마포구 마포대로 225,37.554067434,126.956525838
V02Q1940606,서울특별시 마포구 백범로1길 14,37.55445921,126.937672378
V02Q1940461,서울측별시 마포구 신정동 93-2,37.543548656,126.930067638
V02Q1940610,서울특별시 마포구 월드컵로25길 201,37.556140088,126.896584381
V02Q1940631,서울특별시 마포구 대흥로30길 45,37.556470741,126.948526455
V02Q1940723,서울특별시 마포구 와우산로21길 19-3,37.552318967,126.923557194
V02Q1940288,서울특별시 마포구 신수로 25,37.543956765,126.934121335
V02Q1940626,서울특별시 마포구 잔다리로 17,37.55065466,126.921192311
V02Q1940653,서울특별시 마포구 서강로16길 9,37.553106066,126.934625963
V02Q1940442,서울특별시 마포구 월드컵로25길 85,37.557538046,126.902961558
V02Q1940688,서울특별시 마포구 월드컵북로12길 101,37.565520442,126.91486085
V02Q1940722,서울측별시 마포구 서교동 340-1,37.554828667,126.925966058
V02Q1940624,서울특별시 마포구 희우정로16길 32,37.554581636,126.903854076
V02Q1940611,서울특별시 마포구 토정로 34,37.545528073,126.91475679
V02Q1940684,서울특별시 마포구 토정로35길 6,37.540228081,126.943863779
V02Q1940583,서울특별시 마포구 와우산로 8-4,37.545165505,126.923350937
V02Q1940579,서울특별시 마포구 방울내로9안길 104,37.559629323,126.897668662
V02Q1940497,서울특별시 마포구 삼개로5길 7,37.538312104,126.94783675
V02Q1940646,서울특별시 마포구 양화진2길 27,37.547694256,126.91132687
V02Q1940621,서울특별시 마포구 성지3길 19,37.546752361,126.91424637
V02Q1940459,서울특별시 마포구 월드컵북로23길 10,37.564510612,126.911621855
V02Q1940535,서울특별시 마포구 신수로 105,37.550483287,126.93633592
V02Q1940450,서울특별시 마포구 연남로11길 22,37.565480765,126.917774061
V02Q1940618,서울특별시 마포구 신촌로 258-1,37.557133494,126.954403342
V02Q1940576,서울측별시 마포구 상암동 1262,37.577176662,126.896669047
V02Q1940619,서울특별시 마포구 만리재옛길 41,37.54760548,126.956425443
V02Q1940609,서울특별시 마포구 월드컵로14길 29,37.556275389,126.912258552
V02Q1940854,서울특별시 마포구 포은로6길 10,37.555590595,126.905532976
V02Q1940833,서울측별시 마포구 상암동 482-309,37.57136077,126.870825226
V02Q1940813,서울측별시 마포구 망원동 205-5,37.554557778,126.895976014
V02Q1940865,서울특별시 양천구 공항대로 630,37.546301416,126.875003025
V02Q1940867,서울특별시 양천구 목동중앙남로16나길 62,37.545028041,126.864670671
V02Q1940095,서울특별시 양천구 목동중앙서로 42,37.532946258,126.868400948
V02Q1940869,서울특별시 양천구 오목로3길 48,37.525350406,126.837774004
V02Q1940814,서울측별시 양천구 신정동 1050-3,37.51938461,126.8546481
V02Q1940863,서울특별시 양천구 목동동로10길 12,37.518876054,126.87108939
V02Q1940804,서울특별시 양천구 신정로 275,37.51389369,126.852967
V02Q1940312,서울특별시 양천구 중앙로46길 57,37.52282125,126.858435267
V02Q1940364,서울측별시 양천구 신정동 322,37.516646199,126.86287453
V02Q1940240,서울특별시 양천구 남부순환로59길 3,37.532060638,126.831721727
V02Q1940413,서울특별시 양천구 오목로11길 21,37.5246543,126.844445699
V02Q1940453,서울특별시 양천구 목동서로 130,37.532660788,126.871376408
V02Q1940472,서울특별시 양천구 신월로10길 30,37.514505075,126.841425739
V02Q1940750,서울측별시 양천구 신월동 976-1,37.521961144,126.835908342
V02Q1940864,서울측별시 양천구 목동 406-25,37.525767618,126.875374358
V02Q1940861,서울특별시 양천구 목동남로4길 50,37.509089509,126.866846473
V02Q1940071,서울특별시 양천구 가로공원로55길 20,37.536238786,126.824270656
V02Q1940395,서울특별시 양천구 화곡로8길 5,37.538910703,126.829309039
V02Q1940424,서울특별시 양천구 목동로3길 106,37.510198596,126.858987432
V02Q1940826,서울측별시 양천구 신정동 137-2,37.520384235,126.878024994
V02Q1940654,서울측별시 양천구 목동 900-11,37.54304643,126.8836022
V02Q1940732,서울특별시 양천구 곰달래로6길 42,37.526485055,126.836861771
V02Q1940809,서울특별시 양천구 목동중앙로13다길 42-2,37.543642972,126.881352303
V02Q1940492,서울특별시 양천구 신정중앙로17길 14,37.528186579,126.860106756
V02Q1940946,서울특별시 양천구 곰달래로13길 55,37.534443996,126.834790407
V02Q1940942,서울특별시 양천구 곰달래로5길 33,37.532462634,126.833076323
V02Q1940951,서울특별시 양천구 곰달래로11길 14-1,37.531246089,126.836128493
V02Q1940943,서울특별시 양천구 목동중앙북로 10,37.548507166,126.864648122
V02Q1940455,서울측별시 양천구 목동 191-1,37.542785849,126.881443047
V02Q1940480,서울특별시 양천구 목동서로2길 20,37.539717109,126.881687533
V02Q1940443,서울특별시 양천구 신목로 66-5,37.520684165,126.873804303
V02Q1940762,서울특별시 양천구 목동중앙남로3가길 99,37.540225113,126.864461104
V02Q1940766,서울특별시 양천구 목동중앙남로16마길 41-21,37.545652837,126.863101671
V02Q1940792,서울특별시 양천구 목동중앙남로 51-29,37.538432726,126.864529956
V02Q1940614,서울특별시 양천구 목동중앙로5가길 8,37.537542078,126.871767426
V02Q1940259,서울특별시 양천구 등촌로 46-1,37.5339478,126.863802786
V02Q1940741,서울특별시 양천구 목동동로 379,37.53575061,126.878573682
V02Q1940759,서울특별시 양천구 목동동로 419,37.536585964,126.88292739
V02Q1940776,서울측별시 양천구 목동 199-51,37.539684296,126.875026391
V02Q1940771,서울특별시 양천구 목동동로 350,37.535134263,126.883508056
V02Q1940489,서울특별시 양천구 목동중앙서로8가길 25-5,37.530770624,126.864592055
V02Q1940774,서울특별시 양천구 목동서로 38,37.538516483,126.878243997
V02Q1940849,서울특별시 양천구 가로공원로66길 29,37.535559655,126.832836517
V02Q1940749,서울특별시 양천구 중앙로55길 59,37.525240254,126.84225655
V02Q1940705,서울특별시 양천구 오목로 100-35,37.523071689,126.848612985
V02Q1940740,서울특별시 양천구 중앙로57길 9,37.527061611,126.848060521
V02Q1940287,서울특별시 양천구 남부순환로56가길 11,37.531463326,126.830075249
V02Q1940754,서울특별시 양천구 오목로 46-2,37.521659762,126.842681235
V02Q1940760,서울특별시 양천구 중앙로29길 61,37.517601426,126.847010703
V02Q1940447,서울특별시 양천구 지양로 104,37.524273473,126.831406421
V02Q1940464,서울특별시 양천구 남부순환로70길 19-22,37.520329739,126.835738999
V02Q1940469,서울측별시 양천구 신정동 1290-3,37.510626715,126.843394665
V02Q1940835,서울특별시 양천구 신월로38길 10,37.521147149,126.861130014
V02Q1940773,서울특별시 양천구 은행정로20길 5-5,37.528560458,126.859175524
V02Q1940801,서울특별시 양천구 목동동로8길 70,37.51401198,126.874001416
V02Q1940765,서울특별시 양천구 목동남로 106,37.510731657,126.870535412
V02Q1940876,서울특별시 양천구 목동중앙본로 73,37.543120815,126.869112177
V02Q1940769,서울특별시 양천구 신정중앙로 35,37.527865321,126.855726795
V02Q1940707,서울특별시 양천구 목동서로 391,37.515495269,126.860879933
V02Q1940794,서울특별시 양천구 목동중앙북로 38,37.545732009,126.867770586
V02Q1940715,서울측별시 양천구 신정동 1284-1,37.512593393,126.837651948
V02Q1940778,서울특별시 양천구 목동동로12길 37-1,37.52257574,126.875528119
V02Q1940729,서울특별시 양천구 신정이펜2로 20,37.51298228,126.832055525
V02Q1940659,서울특별시 양천구 남부순환로33길 1,37.537748852,126.827879104
V02Q1940803,서울특별시 양천구 목동동로12길 7,37.523055681,126.872283646
V02Q1940795,서울특별시 양천구 남부순환로67길 12,37.5241089,126.8372888
V02Q1940874,서울특별시 양천구 중앙로39길 21,37.519326516,126.850006232
V02Q1940805,서울측별시 양천구 신정동 1281,37.51318732,126.834894842
V02Q1940481,서울특별시 양천구 오목로32길 8-1,37.524079811,126.854647095
V02Q1940806,서울특별시 양천구 목동중앙북로 28,37.548031985,126.866797402
V02Q1940855,서울특별시 양천구 오목로34길 5,37.524553208,126.855789231
V02Q1940114,서울특별시 강서구 강서로76길 21,37.569271789,126.842742481
V02Q1940066,서울측별시 강서구 가양동 30-1,37.56719431,126.847416511
V02Q1940130,서울특별시 강서구 허준로 198,37.561348775,126.859744345
V02Q1940163,서울특별시 강서구 공항대로2가길 33,37.559388276,126.809855638
V02Q1940104,서울특별시 강서구 공항대로53가길 40,37.55513562,126.858556
V02Q1940180,서울특별시 강서구 등촌로35길 115,37.538037714,126.862833631
V02Q1940166,서울특별시 강서구 화곡로63길 71,37.55826223,126.84933801
V02Q1940124,서울특별시 강서구 공항대로36가길 55,37.553372259,126.832585772
V02Q1940105,서울특별시 강서구 양천로24가길 5,37.57292575,126.8151704
V02Q1940125,서울특별시 강서구 방화동로3길 10,37.562855221,126.808594478
V02Q1940126,서울측별시 강서구 방화동 331-3,37.578372144,126.815888769
V02Q1940069,서울특별시 강서구 공항대로67길 29,37.549804868,126.870225166
V02Q1940062,서울특별시 강서구 화곡로43가길 53,37.548823986,126.843475769
V02Q1940179,서울특별시 강서구 초록마을로5길 29,37.543867028,126.847619884
V02Q1940162,서울특별시 강서구 곰달래로19가길 34,37.53060931,126.840565244
V02Q1940182,서울특별시 강서구 곰달래로38길 25,37.53010005,126.8551006
V02Q1940167,서울측별시 강서구 화곡동 1022,37.544839726,126.835843451
V02Q1940173,서울측별시 강서구 화곡동 806-10,37.53401973,126.861076828
V02Q1940187,서울특별시 강서구 화곡로58길 8,37.552957569,126.851399963
V02Q1940193,서울특별시 강서구 곰달래로25길 8-14,37.5311064,126.84994285
V02Q1940113,서울특별시 강서구 양천로69길 58,37.554548973,126.87412544
V02Q1940078,서울특별시 강서구 화곡로27길 16,37.542549213,126.840312682
V02Q1940189,서울특별시 강서구 초록마을로15길 12,37.54172046,126.851481698
V02Q1940346,서울특별시 강서구 가로공원로76길 56,37.534383493,126.83799652
V02Q1940853,서울특별시 강서구 월정로30길 72,37.535219493,126.839843581
V02Q1940093,서울특별시 강서구 방화대로52길 34,37.577840846,126.818892025
V02Q1940103,서울특별시 강서구 방화대로52가길 32,37.57908271,126.818492233
V02Q1940181,서울특별시 강서구 월정로14길 56,37.527577084,126.843082012
V02Q1940072,서울특별시 강서구 화곡로53길 55,37.551856444,126.845870744
V02Q1940782,서울특별시 강서구 강서로45다길 71,37.54467828,126.835104168
V02Q1940824,서울측별시 강서구 방화동 17-5,37.584812556,126.821586805
V02Q1940046,서울특별시 구로구 부일로11길 25,37.494402621,126.831472122
V02Q1940111,서울특별시 구로구 신도림로11길 43,37.509299493,126.87838005
V02Q1940165,서울특별시 구로구 경인로27길 7,37.49718612,126.84507612
V02Q1940056,서울특별시 구로구 오리로 1158,37.48744233,126.8384094
V02Q1940047,서울특별시 구로구 우마2길 50,37.48276478,126.8905808873
V02Q1940050,서울특별시 구로구 경인로33나길 15-1,37.499541706,126.850773326
V02Q1940054,서울특별시 구로구 개봉로15길 10-12,37.490491176,126.855377723
V02Q1940051,서울특별시 구로구 개봉로3가길 44-2,37.484557315,126.853709582
V02Q1940086,서울특별시 구로구 중앙로1길 25,37.497824034,126.863310732
V02Q1940065,서울특별시 구로구 고척로 228-7,37.505683034,126.858610249
V02Q1940045,서울특별시 구로구 구일로2길 60,37.489567945,126.876509453
V02Q1940043,서울특별시 구로구 구로동로25길 5-10,37.490028638,126.883553746
V02Q1940052,서울특별시 구로구 디지털로27라길 64,37.487180792,126.889626281
V02Q1940044,서울특별시 구로구 구로동로28길 93,37.491831149,126.889145382
V02Q1940055,서울특별시 구로구 새말로18길 130,37.501113794,126.8923467
V02Q1940083,서울특별시 구로구 개봉로2길 133-23,37.49139096,126.8607397
V02Q1940073,서울특별시 구로구 가마산로15길 12,37.493826068,126.884076842
V02Q1940070,서울특별시 구로구 연동로 296-1,37.486832676,126.823712057
V02Q1940136,서울특별시 구로구 구로동로22길 12,37.489437486,126.884869411
V02Q1940862,서울특별시 구로구 구로동로12길 70,37.48967854,126.8872657
V02Q1940858,서울특별시 구로구 구로동로18길 10,37.488216158,126.885138117
V02Q1940140,서울특별시 구로구 고척로40길 13-2,37.50247471,126.851040478
V02Q1940515,서울특별시 구로구 경인로33길 88,37.501748618,126.850769667
V02Q1940057,서울측별시 구로구 개봉동 115-32,37.505264288,126.845127433
V02Q1940061,서울특별시 구로구 경인로53길 103,37.505249963,126.874621662
V02Q1940090,서울특별시 구로구 경인로3길 86,37.491671862,126.823131106
V02Q1940751,서울특별시 구로구 가마산로27길 45,37.4987587,126.8900025
V02Q1940428,서울특별시 금천구 가산로 113,37.475806357,126.892887759
V02Q1940474,서울특별시 금천구 범안로17길 55,37.468744779,126.893672198
V02Q1940483,서울특별시 금천구 독산로 178,37.463094923,126.903967773
V02Q1940369,서울측별시 금천구 독산동 980-44,37.47432254,126.902419701
V02Q1940484,서울특별시 금천구 독산로 240-1,37.468166771,126.902231236
V02Q1940702,서울측별시 금천구 시흥동 893,37.453351538,126.904030967
V02Q1940699,서울특별시 금천구 금하로 748,37.449993312,126.912904394
V02Q1940730,서울특별시 금천구 시흥대로12길 75,37.43993479,126.907150587
V02Q1940777,서울특별시 금천구 독산로36길 10,37.458870577,126.905912208
V02Q1940641,서울특별시 금천구 금하로24다길 50,37.446719338,126.910233665
V02Q1940407,서울측별시 금천구 독산동 1149,37.45844386,126.895089073
V02Q1940486,서울특별시 금천구 범안로 1157,37.466702737,126.890697047
V02Q1940479,서울특별시 금천구 독산로54길 129,37.467647317,126.907496394
V02Q1940374,서울특별시 금천구 시흥대로 343,37.46425817,126.897235488
V02Q1940693,서울특별시 금천구 시흥대로 250,37.456068384,126.900327769
V02Q1940690,서울특별시 금천구 시흥대로38길 43,37.445374669,126.904164226
V02Q1940247,서울특별시 금천구 독산로54길 114,37.467445913,126.90810228
V02Q1940656,서울특별시 금천구 가산로5길 43,37.473510682,126.892234675
V02Q1940220,서울측별시 금천구 시흥동 267-9,37.449668031,126.914632737
V02Q1940948,서울특별시 금천구 독산로54길 188,37.47017655,126.907313
V02Q1940495,서울 금천구 독산동 704-3,37.461405378,126.890048836
V02Q1940405,서울특별시 금천구 범안로15길 52,37.468578018,126.892576074
V02Q1940880,서울특별시 금천구 시흥동 832-14,37.452374751,126.908303963
V02Q1940171,서울특별시 영등포구 양산로25길 3-1,37.524130023,126.898604915
V02Q1940127,서울측별시 영등포구 당산동6가 337-1,37.536221119,126.901211667
V02Q1940169,서울특별시 영등포구 디지털로81길 13-1,37.496512896,126.906656025
V02Q1940077,서울특별시 영등포구 도림천로11길 4,37.490952078,126.896560561
V02Q1940121,서울특별시 영등포구 대림로35나길 21,37.496949735,126.897717122
V02Q1940185,서울특별시 영등포구 도영로7가길 8-1,37.509659941,126.8961424
V02Q1940168,서울특별시 영등포구 도림로128가길 11,37.51499903,126.896987864
V02Q1940196,서울특별시 영등포구 여의대방로47나길 14,37.509862383,126.920564145
V02Q1940197,서울특별시 영등포구 신길로39길 33,37.507058735,126.907111695
V02Q1940186,서울특별시 영등포구 도신로48길 9-2,37.51027512,126.91318412
V02Q1940188,서울특별시 영등포구 도림로 268-2,37.502128725,126.905167906
V02Q1940198,서울측별시 영등포구 신길동 3846,37.500012753,126.910907498
V02Q1940176,서울특별시 영등포구 여의대방로43길 11-1,37.506125006,126.921438321
V02Q1940174,서울특별시 영등포구 영등포로5길 12,37.52364935,126.8845205
V02Q1940133,서울특별시 영등포구 양평로19길 4,37.536855914,126.894849555
V02Q1940110,서울특별시 영등포구 여의대방로68길 15,37.518250648,126.932949336
V02Q1940199,서울특별시 영등포구 영등포로53길 24,37.520309388,126.910441409
V02Q1940184,서울특별시 영등포구 영신로10길 13-2,37.514197813,126.909456953
V02Q1940074,서울특별시 영등포구 문래북로 105,37.520313815,126.896995184
V02Q1940221,서울특별시 영등포구 영등포로46길 4,37.518912125,126.907705399
V02Q1940223,서울특별시 영등포구 문래로 104,37.518256066,126.893648016
V02Q1940244,서울특별시 영등포구 양평동3가 91,37.532727462,126.893370168
V02Q1940217,서울특별시 영등포구 여의대방로59길 2,37.51348713,126.925817082
V02Q1940256,서울특별시 영등포구 양평로30길 46,37.543688115,126.887757658
V02Q1940219,서울특별시 영등포구 경인로80길 9,37.511641571,126.895759526
V02Q1940251,서울특별시 영등포구 영등포로 14,37.52269509,126.88295527
V02Q1940170,서울특별시 영등포구 당산로10길 8-1,37.521738405,126.896683314
V02Q1940222,서울측별시 영등포구 양평동3가 91,37.51828647,126.910564828
V02Q1940850,서울특별시 영등포구 양산로23길 11,37.524978134,126.897443763
V02Q1940878,서울측별시 영등포구 여의도동 85,37.524414166,126.93701344
V02Q1940836,서울측별시 영등포구 여의도동 19-1,37.526004651,126.913353225
V02Q1940829,서울측별시 영등포구 당산동 95-1,37.537271352,126.904317333
V02Q1940278,서울특별시 동작구 장승배기로28길 36,37.5124009,126.942560759
V02Q1940318,서울특별시 동작구 노량진로10길 73,37.51019812,126.93802012
V02Q1940295,서울특별시 동작구 여의대방로 250,37.508712749,126.925167532
V02Q1940194,서울특별시 동작구 동작대로13길 22,37.482781864,126.979541094
V02Q1940297,서울특별시 동작구 사당동 산 10-5,37.492916206,126.975760341
V02Q1940289,서울특별시 동작구 사당로9가길 58,37.487459561,126.968238366
V02Q1940382,서울특별시 동작구 사당로16라길 27,37.48205626,126.969678958
V02Q1940397,서울특별시 동작구 사당로2차길 2,37.487703409,126.964650522
V02Q1940304,서울측별시 동작구 상도1동 486,37.504032526,126.951825456
V02Q1940316,서울특별시 동작구 장승배기로10길 29,37.504793679,126.940783305
V02Q1940420,서울특별시 동작구 성대로2길 11,37.49921389,126.931239588
V02Q1940319,서울특별시 동작구 성대로29길 79,37.501192635,126.936950737
V02Q1940432,서울특별시 동작구 신대방1가길 1,37.48651151,126.9099008
V02Q1940389,서울특별시 동작구 여의대방로22길 74,37.49773548,126.923829622
V02Q1940356,서울특별시 동작구 흑석한강로 13,37.50542012,126.96659512
V02Q1940357,서울특별시 동작구 서달로 124,37.503765953,126.960958358
V02Q1940375,서울측별시 동작구 신대방동 395-73,37.491682757,126.9248262
V02Q1940384,서울측별시 동작구 사당동 산 24-17,37.485912852,126.975186993
V02Q1940756,서울특별시 동작구 성대로 11,37.500073592,126.932438141
V02Q1940947,서울특별시 동작구 상도로37길 60,37.499005801,126.952002252
V02Q1940747,서울특별시 동작구 상도로37길 48,37.499725999,126.951370216
V02Q1940952,서울측별시 동작구 사당동 127-40,37.488708568,126.978633256
V02Q1940301,서울특별시 동작구 동작대로31길 38,37.48914821,126.98056037
V02Q1940296,서울 동작구 대방동 341-1,37.511969865,126.92630218
V02Q1940190,서울특별시 동작구 동작대로43길 1,37.496500966,126.98241676
V02Q1940292,서울특별시 동작구 동작대로35길 5,37.490848085,126.981984109
V02Q1940834,서울특별시 동작구 사당로16아길 6,37.480982188,126.97164899
V02Q1940425,서울측별시 관악구 신림동 1418-1,37.486421,126.933053281
V02Q1940561,서울특별시 관악구 남부순환로161가길 3,37.485193189,126.918737044
V02Q1940440,서울측별시 관악구 신림동 1601-2,37.481691684,126.927560971
V02Q1940538,서울측별시 관악구 봉천동 957-1,37.48626768,126.93608599
V02Q1940674,서울특별시 관악구 남부순환로246나길 24,37.474808425,126.965260142
V02Q1940533,서울측별시 관악구 신림동 569-3,37.483057586,126.907948763
V02Q1940262,서울특별시 관악구 봉천로49다길 46,37.483438028,126.949460805
V02Q1940452,서울특별시 관악구 쑥고개로16길 7,37.478892525,126.94446274
V02Q1940272,서울특별시 관악구 행운2길 43,37.478839542,126.961244584
V02Q1940458,서울특별시 관악구 남부순환로234길 73,37.47633208,126.95621212
V02Q1940532,서울특별시 관악구 난곡로30길 42,37.47074788,126.921795051
V02Q1940683,서울특별시 관악구 난곡로 71,37.462118231,126.919158834
V02Q1940663,서울특별시 관악구 남현1가길 29,37.474737271,126.977785908
V02Q1940552,서울측별시 관악구 신림동 763,37.47639433,126.915669565
V02Q1940444,서울특별시 관악구 봉천로17가길 18,37.488610304,126.932640904
V02Q1940557,서울특별시 관악구 원신길 75,37.469277115,126.93163632
V02Q1940512,서울특별시 관악구 신림로31길 9-18,37.47522168,126.934971149
V02Q1940445,서울특별시 관악구 신림로50길 30,37.480392072,126.932355178
V02Q1940657,서울특별시 관악구 구암길 41,37.489760672,126.947832361
V02Q1940625,서울특별시 관악구 청림3길 59,37.490698824,126.958704722
V02Q1940465,서울특별시 관악구 대학7길 42,37.468509568,126.940017171
V02Q1940468,서울특별시 관악구 관악로28길 66,37.48432967,126.959467614
V02Q1940446,서울특별시 관악구 관악로16길 13,37.480432106,126.953237798
V02Q1940260,서울특별시 관악구 신림로11길 131,37.464862583,126.939899246
V02Q1940517,서울특별시 관악구 신원로3다길 1,37.482486215,126.9264999
V02Q1940658,서울특별시 관악구 남부순환로172길 1,37.483557257,126.9256895
V02Q1940457,서울특별시 관악구 양산길 28,37.473224847,126.931882005
V02Q1940462,서울특별시 관악구 신림동 1469-7,37.489379779,126.922369606
V02Q1940548,서울특별시 관악구 당곡2길 38,37.491245834,126.930777034
V02Q1940493,서울특별시 관악구 국회단지4길 37,37.487065431,126.942038141
V02Q1940694,서울특별시 관악구 쑥고개로11길 13,37.480250807,126.942708134
V02Q1940558,서울특별시 관악구 남부순환로214길 46,37.479704346,126.947473749
V02Q1940547,서울특별시 광진구 동일로76가길 28,37.56868612,127.08018012
V02Q1940672,서울특별시 관악구 신림로71길 45,37.487964664,126.925785645
V02Q1940549,서울특별시 관악구 법원단지21길 17,37.475637555,126.922158721
V02Q1940704,서울특별시 관악구 난향2길 5-10,37.463283403,126.918084657
V02Q1940689,서울특별시 관악구 남부순환로200길 9,37.483373261,126.937798795
V02Q1940671,서울특별시 관악구 광신길 111,37.463770351,126.925650486
V02Q1940725,서울특별시 관악구 남부순환로 1361,37.479811352,126.902315272
V02Q1940678,서울특별시 관악구 남부순환로 1725,37.482581213,126.94204604
V02Q1940681,서울특별시 관악구 남부순환로260길 7,37.475596249,126.973598246
V02Q1940669,서울특별시 관악구 남현동 1060-1,37.476427401,126.980135141
V02Q1940537,서울특별시 관악구 관악로 117,37.475646812,126.952484018
V02Q1940633,서울특별시 관악구 신림로 75,37.47051139,126.9409898
V02Q1940589,서울특별시 관악구 신림로 211,37.476475075,126.936467643
V02Q1940680,서울특별시 관악구 당곡길 6,37.48924572,126.928825955
V02Q1940667,서울특별시 관악구 보라매로 36,37.492658351,126.926963888
V02Q1940703,서울특별시 관악구 난곡로 299,37.48063434,126.914581853
V02Q1940701,서울특별시 관악구 난곡로 215,37.473738394,126.917650902
V02Q1940676,서울특별시 관악구 호암로 358,37.458885296,126.922519447
V02Q1940682,서울측별시 관악구 신림동 산 87-7,37.460687259,126.9244554
V02Q1940269,서울특별시 관악구 신림로 143,37.471740618,126.933155701
V02Q1940645,서울특별시 관악구 행운9길 25,37.48306212,126.96013412
V02Q1940550,서울특별시 관악구 은천로 146,37.486348063,126.951494059
V02Q1940673,서울특별시 관악구 신사로20길 17-16,37.487996202,126.918237414
V02Q1940677,서울특별시 관악구 신사로 34,37.484587461,126.907034844
V02Q1940510,서울특별시 관악구 성현로 16,37.492671311,126.945268507
V02Q1940555,서울특별시 관악구 은천로24길 32,37.485477639,126.947493445
V02Q1940660,서울특별시 관악구 관천로 98,37.487129427,126.923453033
V02Q1940666,서울특별시 관악구 인헌17길 3,37.470491522,126.967944286
V02Q1940685,서울특별시 관악구 난곡로52길 15,37.478376019,126.9163000896
V02Q1940652,서울특별시 관악구 시흥대로 570,37.483638428,126.902520271
V02Q1940591,서울측별시 관악구 성현동 1704,37.49058827,126.95495684
V02Q1940560,서울특별시 관악구 쑥고개로 114-2,37.478910442,126.949272464
V02Q1940675,서울특별시 관악구 쑥고개로 25,37.478286789,126.939572865
V02Q1940692,서울특별시 관악구 국회단지23길 11,37.490492222,126.941450088
V02Q1940662,서울특별시 관악구 복은길 129-13,37.475726437,126.942535256
V02Q1940691,서울특별시 관악구 원신길 117,37.46743312,126.93094312
V02Q1940884,서울특별시 관악구 행운1길 43,37.48071612,126.95702012
V02Q1940067,서울특별시 서초구 헌릉로8길 42,37.454335096,127.061884287
V02Q1940268,서울특별시 서초구 사평대로45길 26,37.505408492,127.013500614
V02Q1940274,서울특별시 서초구 반포동 2-12,37.506611067,126.992439588
V02Q1940282,서울측별시 서초구 잠원동 71,37.512490801,127.005876248
V02Q1940141,서울특별시 서초구 반포동 550-14,37.497606293,127.001384085
V02Q1940148,서울특별시 서초구 신반포로 23,37.50162941,126.9876339
V02Q1940368,서울특별시 서초구 강남대로 221,37.483260708,127.034979369
V02Q1940380,서울특별시 서초구 강남대로16길 34,37.471604627,127.040943637
V02Q1940518,서울특별시 서초구 나루터로 38,37.515083767,127.013856492
V02Q1940144,서울특별시 서초구 방배로13길 34,37.482556335,126.994604356
V02Q1940310,서울특별시 서초구 청두곶길 36,37.479848586,126.985401846
V02Q1940249,서울특별시 서초구 방배로10길 10-28,37.47997312,126.99936312
V02Q1940068,서울특별시 서초구 서초대로25길 80,37.491337095,126.992330861
V02Q1940308,서울특별시 서초구 방배로37길 48-27,37.49410567,126.986823712
V02Q1940400,서울특별시 서초구 사임당로 74,37.489274127,127.017886775
V02Q1940402,서울특별시 서초구 서운로 35,37.491308948,127.026804579
V02Q1940399,서울특별시 서초구 반포대로26길 66,37.491381488,127.012740308
V02Q1940427,서울특별시 서초구 고무래로 90-6,37.499803485,127.01689127
V02Q1940158,서울특별시 서초구 신반포로15길 28 (파랑새공원 내 cctv),37.50508312,126.99500312
V02Q1940423,서울측별시 서초구 방배동 445-3,37.47665064,126.98263907
V02Q1940398,서울측별시 서초구 양재동 203,37.46737119,127.034769445
V02Q1940348,서울특별시 서초구 송동길 27,37.460225019,127.017222459
V02Q1940396,서울특별시 서초구 반포대로23길 37,37.488748362,127.006793393
V02Q1940433,서울특별시 서초구 서초대로46길 24,37.49144971,127.010136364
V02Q1940201,서울특별시 서초구 효령로52길 23,37.483264904,127.013077171
V02Q1940955,서울특별시 서초구 신반포로15길 16,37.50460512,126.99448512
V02Q1940816,서울측별시 서초구 반포동 649-1,37.512412076,126.998682806
V02Q1940059,서울측별시 강남구 일원동 691,37.489569884,127.075436275
V02Q1940293,서울특별시 강남구 논현로16길 20-7,37.47640069,127.048489256
V02Q1940060,서울측별시 강남구 일원동 735-1,37.483397241,127.08623385
V02Q1940079,서울특별시 강남구 개포로118길 34,37.494102447,127.082209375
V02Q1940129,서울특별시 강남구 남부순환로 3154,37.497655712,127.074468747
V02Q1940123,서울측별시 강남구 대치동 1028-1,37.494899122,127.061842654
V02Q1940246,서울측별시 강남구 대치동 73-1,37.49920086,127.072395308
V02Q1940094,서울특별시 강남구 헌릉로637길 28,37.46682943,127.10889293
V02Q1940178,서울특별시 강남구 압구정로2길 9,37.521053134,127.019456063
V02Q1940161,서울특별시 강남구 선릉로157길 29,37.526342753,127.037461441
V02Q1940152,서울특별시 강남구 테헤란로55길 37,37.506539586,127.045727927
V02Q1940175,서울측별시 강남구 청담동 115-6,37.527768143,127.046829226
V02Q1940149,서울특별시 강남구 논현로36길 27,37.485060546,127.044128025
V02Q1940145,서울특별시 강남구 학동로3길 34,37.5139954,127.02163395
V02Q1940313,서울특별시 강남구 광평로19길 10,37.485535862,127.087427345
V02Q1940309,서울특별시 강남구 논현로64길 23,37.49373877,127.042354226
V02Q1940315,서울특별시 강남구 개포로 307,37.483556152,127.05693645
V02Q1940273,서울특별시 강남구 언주로136길 15-1,37.517512115,127.03708363
V02Q1940236,서울특별시 강남구 남부순환로363길 11,37.48601012,127.03813112
V02Q1940063,서울특별시 강남구 영동대로114길 23,37.51606159,127.061880097
V02Q1940080,서울특별시 강남구 학동로56길 45,37.51428412,127.04336312
V02Q1940177,서울특별시 강남구 역삼로69길 10,37.502278254,127.053964693
V02Q1940239,서울특별시 강남구 남부순환로391길 19,37.49344719,127.056901271
V02Q1940098,서울측별시 강남구 수서동 447-2,37.48670146,127.1000197
V02Q1940192,서울특별시 강남구 학동로95길 44,37.522242728,127.053421588
V02Q1940724,서울특별시 강남구 선릉로63길 9,37.497322012,127.051315822
V02Q1940954,서울특별시 강남구 강남대로 520,37.508670997,127.022791432
V02Q1940953,서울측별시 강남구 개포동 186-10,37.489030413,127.067883398
V02Q1940164,서울특별시 강남구 개포동 186-4,37.488586874,127.067987758
V02Q1940100,서울특별시 강남구 남부순환로 3318,37.494978959,127.093144214
V02Q1940082,서울특별시 강남구 개포로 670,37.495507594,127.085748474
V02Q1940224,서울특별시 강남구 역삼로17길 60,37.498641001,127.036337753
V02Q1940102,서울특별시 강남구 일원동 732-4,37.480874588,127.081068797
V02Q1940789,서울특별시 강남구 학동로 426,37.517551605,127.047995114
V02Q1940742,서울특별시 송파구 송파대로37길 24,37.501040267,127.109739451
V02Q1940784,서울특별시 송파구 송이로23길 46,37.498247757,127.126296648
V02Q1940679,서울특별시 송파구 송파대로28길 35,37.495212727,127.121438826
V02Q1940734,서울특별시 송파구 올림픽로35길 122,37.518407904,127.100366298
V02Q1940793,서울특별시 송파구 오금로61길 5,37.49345737,127.1462001024
V02Q1940513,서울특별시 송파구 마천로61길 25,37.494159762,127.154961408
V02Q1940791,서울특별시 송파구 마천로 295,37.496381776,127.149019387
V02Q1940845,서울특별시 송파구 문정동 28-9,37.489744064,127.124279811
V02Q1940717,서울특별시 송파구 문정동 112-19,37.485370225,127.132191842
V02Q1940764,서울특별시 송파구 양재대로 1232,37.515327061,127.134113236
V02Q1940790,서울특별시 송파구 위례성대로2길 34,37.514278277,127.112258966
V02Q1940767,서울특별시 송파구 백제고분로28길 6,37.502603852,127.092310875
V02Q1940772,서울특별시 송파구 석촌동 265,37.503635193,127.103503284
V02Q1940775,서울특별시 송파구 백제고분로42길 8,37.505801455,127.109663753
V02Q1940706,서울특별시 송파구 송이로 36,37.502049127,127.117110751
V02Q1940847,서울특별시 송파구 중대로4길 8,37.489683491,127.111908205
V02Q1940708,서울특별시 송파구 올림픽로 135,37.514300619,127.091447797
V02Q1940787,서울특별시 송파구 잠실동 27-11,37.512955044,127.094661921
V02Q1940800,서울특별시 송파구 올림픽로35길 16,37.519952859,127.1123122
V02Q1940757,서울특별시 송파구 거마로7길 30,37.496722627,127.14285725
V02Q1940788,서울특별시 송파구 올림픽로 44,37.509617855,127.0741524
V02Q1940781,서울특별시 송파구 백제고분로15길 8-1,37.506173683,127.084756221
V02Q1940736,서울특별시 송파구 중대로29길 13,37.504194933,127.128187719
V02Q1940825,서울특별시 송파구 천호대로152길 17,37.537276514,127.121412414
V02Q1940768,서울특별시 송파구 장지동 899,37.47825069,127.139244579
V02Q1940832,서울특별시 송파구 양재대로71길 28-13,37.511768309,127.124209484
V02Q1940873,서울특별시 송파구 풍성로14길 37,37.53247211,127.114301129
V02Q1940745,서울특별시 송파구 오금로 474,37.49409576,127.141490229
V02Q1940714,서울특별시 송파구 신천동 32,37.513385412,127.10686824
V02Q1940713,서울특별시 송파구 백제고분로51길 9,37.516185359,127.114540561
V02Q1940941,서울특별시 송파구 백제고분로7길 42-38,37.509088133,127.084056858
V02Q1940117,서울특별시 송파구 석촌호수로 88,37.508537127,127.087121735
V02Q1940811,서울특별시 송파구 올림픽로45길 20,37.52727312,127.116249051
V02Q1940821,서울특별시 송파구 송파대로39길 4,37.502832774,127.108694904
V02Q1940819,서울특별시 송파구 송파대로 461,37.507344263,127.104688643
V02Q1940820,서울특별시 송파구 신천동 32,37.511104225,127.102321793
V02Q1940887,서울특별시 송파구 백제고분로 236,37.502749128,127.09252424
V02Q1940838,서울특별시 송파구 잠실동 1,37.51767925,127.08881891
V02Q1940421,서울특별시 강동구 아리수로94길 91,37.563060099,127.178426767
V02Q1940352,서울특별시 강동구 고덕로 360,37.553626154,127.168193008
V02Q1940321,서울특별시 강동구 양재대로138길 47,37.549468318,127.146339447
V02Q1940353,서울특별시 강동구 명일동 223-5,37.546512413,127.152593815
V02Q1940360,서울특별시 강동구 양재대로156길 121,37.556847303,127.151357028
V02Q1940355,서울특별시 강동구 아리수로78길 43-16,37.560742575,127.164289117
V02Q1940482,서울특별시 강동구 올림픽로98가길 62,37.551489763,127.133098234
V02Q1940408,서울특별시 강동구 암사동 191-6,37.557388648,127.130057635
V02Q1940437,서울특별시 강동구 고덕로 140,37.55459762,127.139827887
V02Q1940376,서울특별시 강동구 구천면로42길 47,37.545304506,127.136675035
V02Q1940306,서울특별시 강동구 올림픽로78길 11,37.542388508,127.125705412
V02Q1940349,서울특별시 강동구 진황도로 17-1,37.539768171,127.129657973
V02Q1940507,서울특별시 강동구 성내로3길 33,37.531277474,127.123271252
V02Q1940430,서울특별시 강동구 천호옛길 75-5,37.535815801,127.124685914
V02Q1940417,서울특별시 강동구 강동대로53길 69,37.525959229,127.13249334
V02Q1940478,서울특별시 강동구 명일로19길 12,37.539563459,127.145933459
V02Q1940505,서울특별시 강동구 둔촌동 228-12,37.51726548,127.143853891
V02Q1940410,서울특별시 강동구 천호대로186길 12,37.533218949,127.141795437
V02Q1940359,서울특별시 강동구 상암로 224,37.54651703,127.147309969
V02Q1940354,서울특별시 강동구 천호대로168라길 37,37.534717201,127.129979727
V02Q1940350,서울특별시 강동구 고덕로 227,37.554811287,127.150186225
V02Q1940851,서울특별시 강동구 올림픽로 778-7,37.550390853,127.128292179
V02Q1940770,서울특별시 강동구 올림픽로98길 50,37.549876301,127.129477775
V02Q1940142,서울특별시 강동구 올림픽로100길 26,37.55211878,127.12987231
V02Q1940372,서울특별시 강동구 상암로3길 81,37.554066866,127.127812567
V02Q1940271,서울 강동구 강일동 685,37.564778377,127.178040052
V02Q1940434,서울특별시 강동구 동남로49길 27,37.532199061,127.148090456
V02Q1940798,서울특별시 강동구 구천면로42길 59,37.545037857,127.136812004
V02Q1940831,서울특별시 강동구 암사동 81-1,37.56700001,127.136812731
OC3CL200210,서울특별시 종로구 종로 10-7,37.569382489,126.97848214
OC3CL200211,서울특별시 종로구 서린동 33,37.56912374,126.982128648
OC3CL200194,서울특별시 종로구 새문안로 96,37.569976474,126.975516571
OC3CL200201,서울특별시 종로구 난계로 241,37.5730721,127.0231381
OC3CL200219,서울특별시 종로구 종로 322,37.5722413,127.0135365
OC3CL200220,서울특별시 종로구 대학로 60,37.57689177,127.0024389
OC3CL200037,서울특별시 종로구 북촌로11길 5,37.581429974,126.984646839
OC3CL200038,서울특별시 종로구 북촌로11길 33,37.58231107,126.983519
OC3CL200013,서울특별시 종로구 북촌로11다길 30,37.583469424,126.982622417
OC3CL200039,서울특별시 종로구 낙산4길 24,37.578786143,127.007188221
OC3CL200040,서울특별시 종로구 낙산성곽서1길 17,37.577739599,127.008033178
OC3CL200154,서울특별시 종로구 평창동 산 6-18,37.601807631,126.98116998
OC3CL200153,서울특별시 종로구 세검정로 260,37.601649259,126.961410928
OC3CL200126,서울특별시 중구 남대문로5가 1-5,37.55944397,126.9748398
OC3CL200127,서울특별시 중구 남대문로4가 29,37.56025699,126.975353986
OC3CL200014,서울특별시 중구 명동길 38,37.563573682,126.984503781
OC3CL200047,서울특별시 중구 명동8가길 10,37.561604334,126.985559036
OC3CL200041,서울특별시 중구 남대문로2가 130-7,37.56386606,126.9819365
OC3CL200042,서울특별시 중구 장충단로 259,37.56785992,127.0086711
OC3CL200043,서울특별시 중구 마장로 28,37.56783879,127.0128515
OC3CL200044,서울특별시 중구 남대문시장길 45-2,37.560409119,126.978669024
OC3CL200212,서울특별시 중구 태평로1가 54-3,37.56611753,126.9774497
OC3CL200019,서울특별시 용산구 회나무로 65,37.540264418,126.99379344
OC3CL200164,서울특별시 성동구 천호대로 454,37.56056505,127.0697065
OC3CL200216,서울특별시 성동구 송정길 8,37.548841657,127.060406256
OC3CL200217,서울특별시 성동구 송정길 32,37.54885612,127.062936132
OC3CL200218,서울특별시 성동구 마조로 25,37.560053008,127.041072379
OC3CL200032,서울특별시 성동구 왕십리로 83-21,37.545296254,127.043557089
OC3CL200018,서울특별시 성동구 서울숲2길 27,37.546881978,127.04164275
OC3CL200227,서울특별시 성동구 마조로9길 18,37.561245668,127.039496877
OC3CL200012,서울특별시 광진구 아차산로29길 75,37.544001939,127.069731265
OC3CL200029,서울특별시 광진구 아차산로59길 56,37.5408801,127.0908731
OC3CL200190,서울특별시 광진구 아차산로 614,37.547685182,127.10694111
OC3CL200142,서울특별시 광진구 중곡동 485-7,37.56649365,127.07679134
OC3CL200143,서울특별시 광진구 긴고랑로 214,37.562336081,127.096064652
OC3CL200195,서울특별시 동대문구 전농로 23길 64,37.57848512,127.05324912
OC3CL200196,서울특별시 동대문구 제기로23길 13,37.587531933,127.042577228
OC3CL200197,서울특별시 동대문구 홍릉로 8-1,37.581090196,127.04507431
OC3CL200202,서울특별시 중랑구 중랑천로14길 34,37.59431032,127.074111828
OC3CL200203,서울특별시 중랑구 망우동 산 56,37.60016479,127.111918465
OC3CL200169,서울특별시 중랑구 신내동 256-25,37.620270459,127.106153834
OC3CL200198,서울특별시 성북구 화랑로7길 28,37.603632812,127.039836152
OC3CL200199,서울특별시 성북구 종암동 10-236,37.595440761,127.036677997
OC3CL200200,서울특별시 성북구 솔샘로9길 4-14,37.611010968,127.004924896
OC3CL200134,서울특별시 강북구 덕릉로41길 61,37.63736615,127.029152562
OC3CL200066,서울특별시 강북구 삼양로54길 60,37.62335241,127.02125992
OC3CL200133,서울특별시 강북구 도봉로13가길 9-2,37.6146956,127.028963
OC3CL200132,서울특별시 강북구 4.19로 105,37.64400709,127.00394086
OC3CL200130,서울특별시 강북구 솔매로 11-1,37.625232955,127.013859622
OC3CL200129,서울특별시 강북구 월계로37길 21,37.623319683,127.046057943
OC3CL200136,서울특별시 강북구 노해로35길 13,37.647179302,127.024618696
OC3CL200104,서울특별시 강북구 노해로17길 16,37.640616785,127.021636992
OC3CL200100,서울특별시 강북구 월계로 173,37.619993989,127.043786358
OC3CL200128,서울특별시 도봉구 시루봉로23길 105,37.67500401,127.0426472
OC3CL200125,서울특별시 도봉구 마들로 598,37.663693665,127.048621224
OC3CL200124,서울특별시 도봉구 도봉로123길 59,37.653731646,127.033558406
OC3CL200063,서울특별시 도봉구 방학로7길 29,37.661133774,127.036394731
OC3CL200088,서울특별시 도봉구 해등로26길 35,37.659767,127.032808
OC3CL200122,서울특별시 도봉구 시루봉로 67,37.656683,127.02757
OC3CL200089,서울특별시 도봉구 쌍문동 273-63,37.652040494,127.027044877
OC3CL200121,서울특별시 도봉구 덕릉로63길 20-13,37.642924625,127.041027765
OC3CL200137,서울특별시 도봉구 마들로14길 25-4,37.660799517,127.050756074
OC3CL200030,서울특별시 도봉구 창동 425-3,37.645831436,127.050389987
OC3CL200048,서울특별시 도봉구 노해로63다길 15,37.653560203,127.046219683
OC3CL200049,서울특별시 도봉구 마들로 339-23,37.642585752,127.052532026
OC3CL200050,서울특별시 도봉구 마들로18길 19,37.661844729,127.047719717
OC3CL200051,서울특별시 도봉구 도봉로 489,37.649349549,127.034863949
OC3CL200161,서울특별시 도봉구 도봉산길 10-30,37.688862282,127.0453635
OC3CL200052,서울특별시 도봉구 마들로 624,37.66616665,127.0463826
OC3CL200053,서울특별시 도봉구 마들로13길 153,37.656907085,127.04639488
OC3CL200145,서울특별시 도봉구 우이천로 140,37.633300953,127.039386926
OC3CL200206,서울특별시 노원구 덕릉로 623,37.65337035,127.0737034
OC3CL200160,서울특별시 노원구 동일로 1395,37.653348871,127.060632652
OC3CL200213,서울특별시 노원구 동일로 1745,37.684278382,127.055284297
OC3CL200144,서울특별시 노원구 광운로2나길 1,37.61646396,127.05989215
OC3CL200069,서울특별시 은평구 연서로34길 41,37.622209067,126.930278534
OC3CL200035,서울특별시 은평구 서오릉로 140,37.6113366,126.917472
OC3CL200036,서울특별시 은평구 녹번동 153-2,37.60506575,126.9235272
OC3CL200209,서울특별시 은평구 진관동 92-26,37.63435727,126.9151989
OC3CL200168,서울특별시 은평구 응암로 328,37.60038676,126.922433
OC3CL200204,서울특별시 은평구 서오릉로 211,37.614146909,126.910160235
OC3CL200152,서울특별시 은평구 불광천길 486,37.59565579,126.915619122
OC3CL200146,서울특별시 서대문구 통일로 319,37.578476447,126.950320623
OC3CL200138,서울특별시 서대문구 세검정로 105,37.597718644,126.9500263
OC3CL200147,서울특별시 서대문구 세검정로3길 8,37.59217961,126.9450617
OC3CL200148,서울특별시 서대문구 연희로 261-36,37.579493008,126.934168841
OC3CL200031,서울특별시 서대문구 포방터길 31,37.59825113,126.9490269
OC3CL200149,서울특별시 서대문구 불광천길 194,37.583572732,126.910461015
OC3CL200150,서울특별시 서대문구 불광천길 14,37.5770863,126.903617837
OC3CL200228,서울특별시 서대문구 인왕시장길 24,37.59121011,126.9430563
OC3CL200214,서울특별시 서대문구 통일로20길 35-3,37.580682318,126.953682251
OC3CL200215,서울특별시 서대문구 홍제내길 227,37.590821287,126.940927474
OC3CL200086,서울특별시 서대문구 백련사길 36,37.581169009,126.932188331
OC3CL200229,서울특별시 서대문구 독립문공원길 80,37.57289405,126.955584659
OC3CL200096,서울특별시 마포구 포은로 90,37.555001336,126.905308393
OC3CL200064,서울특별시 양천구 목동중앙본로27길 15,37.5439816,126.8693788
OC3CL200115,서울특별시 양천구 목동중앙북로16길 58,37.543603399,126.873844706
OC3CL200113,서울특별시 양천구 신정로 260,37.51128256,126.8520714
OC3CL200112,서울특별시 양천구 목동남로2길 63,37.50597614,126.8642352
OC3CL200111,서울특별시 양천구 지양로7길 27,37.52011221,126.8316555
OC3CL200109,서울특별시 양천구 월정로 283,37.5421903,126.8290896
OC3CL200034,서울특별시 양천구 오목로 236,37.52591806,126.8635481
OC3CL200166,서울특별시 양천구 목동로3길 41,37.513224504,126.867696965
OC3CL200058,서울특별시 양천구 안양천로 1009,37.53247495,126.8857541
OC3CL200059,서울특별시 양천구 화곡로 22,37.53912722,126.8240124
OC3CL200139,서울특별시 양천구 신정동 871-37,37.514187437,126.876716614
OC3CL200151,서울특별시 양천구 신정동 산 103-1,37.509992685,126.854692394
OC3CL200177,서울특별시 강서구 개화길 72-11,37.588700837,126.802493969
OC3CL200082,서울특별시 강서구 개화동로7길 12-3,37.580134544,126.799983213
OC3CL200178,서울특별시 강서구 마곡서1로 131,37.56748287,126.8188744
OC3CL200179,서울특별시 강서구 마곡동 749-2,37.557129053,126.82259039
OC3CL200180,서울특별시 강서구 마곡동로 161,37.564214678,126.833869037
OC3CL200181,서울특별시 강서구 양천로57길 36,37.56474481,126.8535106
OC3CL200182,서울특별시 강서구 양천로63길 52,37.557347087,126.865903402
OC3CL200183,서울특별시 강서구 양천로69길 19,37.553510482,126.871121109
OC3CL200067,서울특별시 강서구 등촌로51가길 26,37.548032567999996,126.860633351
OC3CL200184,서울특별시 강서구 등촌로39바길 26,37.547362688,126.8613594
OC3CL200087,서울특별시 강서구 마곡중앙로 36,37.555468811,126.826613288
OC3CL200185,서울특별시 강서구 공항대로71길 54,37.548660939,126.874031644
OC3CL200045,서울특별시 강서구 방화동 830-5,37.57782669,126.81333722
OC3CL200025,서울특별시 강서구 마곡동 727-709,37.560034405,126.825875874
OC3CL200026,서울특별시 강서구 마곡동 760-3,37.56673094,126.8261217
OC3CL200027,서울특별시 강서구 공항대로 261,37.55898218,126.8360833
OC3CL200046,서울특별시 강서구 양천로 492,37.56053576,126.8546868
OC3CL200186,서울특별시 강서구 양천로47길 54,37.572451232,126.837170304
OC3CL200172,서울특별시 강서구 강서로 56,37.532734929,126.8463306
OC3CL200187,서울특별시 강서구 양천로 112,37.57324198,126.8165402
OC3CL200188,서울특별시 강서구 방화대로 295,37.56719274,126.816419
OC3CL200191,서울특별시 구로구 부일로1길 81,37.49400783,126.8181927
OC3CL200159,서울특별시 구로구 오류동 산 42-43,37.48575097,126.830671965
OC3CL200192,서울특별시 구로구 천왕동 278-2,37.483291137,126.841400088
OC3CL200193,서울특별시 구로구 디지털로32나길 38,37.48484285,126.9015112
OC3CL200057,서울특별시 금천구 가산로9길 97,37.474682813,126.8874063
OC3CL200167,서울특별시 영등포구 영등포로 63,37.52261054,126.888865078
OC3CL200174,서울특별시 영등포구 시흥대로 635,37.48893429,126.906033
OC3CL200120,서울특별시 동작구 신대방16길 10,37.490110518,126.9097443
OC3CL200119,서울특별시 동작구 상도동 299-156,37.49459854,126.932784939
OC3CL200118,서울특별시 동작구 남부순환로257가길 32,37.478852337,126.9755904
OC3CL200116,서울특별시 동작구 양녕로23길 82,37.496229294,126.938564822
OC3CL200068,서울특별시 동작구 흑석로 47,37.506194749,126.955133511
OC3CL200073,서울특별시 동작구 장승배기로 4,37.499286078,126.94405714
OC3CL200189,서울특별시 관악구 문성로 206,37.47909596,126.9265535
OC3CL200173,서울특별시 관악구 난곡로65길 2,37.482486765,126.914154559
OC3CL200028,서울특별시 관악구 남부순환로226길 31,37.47914822,126.953709724
OC3CL200085,서울특별시 서초구 고무래로 63,37.50205663,127.015434377
OC3CL200078,서울특별시 서초구 서초동 1318-7,37.49790176,127.0268785
OC3CL200077,서울특별시 서초구 잠원동 75-20,37.50619299,127.0042488
OC3CL200079,서울특별시 서초구 방배동 3001-2,37.485732472,126.983396166
OC3CL200076,서울특별시 서초구 사임당로 33,37.48827084,127.0138787
OC3CL200075,서울특별시 서초구 강남대로 421,37.50021591,127.0262113
OC3CL200054,서울특별시 서초구 양재동 14-6,37.482449736,127.037339858
OC3CL200162,서울특별시 서초구 남부순환로 2271-1,37.47469186,127.0004562
OC3CL200055,서울특별시 서초구 사평대로 152,37.500891825,127.0008701
OC3CL200056,서울특별시 서초구 과천대로 786,37.462483152,126.988353465
OC3CL200163,서울특별시 서초구 양재대로11길 19,37.46072485,127.03567303
OC3CL200020,서울특별시 강남구 강남대로 432,37.501274013,127.026376835
OC3CL200021,서울특별시 강남구 신사동 582-11,37.525532427,127.028229493
OC3CL200022,서울특별시 강남구 대치동 889-45,37.503091994,127.049875547
OC3CL200023,서울특별시 강남구 대치동 890-57,37.503596523,127.051592237
OC3CL200015,서울특별시 강남구 압구정로18길 8,37.52419812,127.02426212
OC3CL200024,서울특별시 강남구 도산대로15길 6,37.51862812,127.02395012
OC3CL200175,서울특별시 강남구 개포로 257,37.479504606,127.050789002
OC3CL200155,서울특별시 강남구 논현동 2,37.51642594,127.0207885
OC3CL200156,서울특별시 강남구 논현로 750,37.51889789,127.02865319
OC3CL200170,서울특별시 강남구 논현로 661,37.51289712,127.03109828
OC3CL200157,서울특별시 강남구 수서동362-9,37.492381245,127.094589306
OC3CL200176,서울특별시 강남구  세곡동 120-7,37.465075516,127.106918502
OC3CL200016,서울특별시 강남구 신사동 664-15,37.52590867,127.0391638
OC3CL200135,서울특별시 강남구 대치동 78-26,37.50215692,127.07044791
OC3CL200140,서울특별시  강남구 일원동 246-13,37.47951618,127.0796896
OC3CL200141,서울특별시 강남구 수서동 99,37.48877157,127.1067039
OC3CL200033,서울특별시 송파구 신천동 32,37.51217275,127.1046954
OC3CL200207,서울특별시 송파구 송이로23길 6,37.494957877,127.124194746
OC3CL200208,서울특별시 송파구 충민로6길 67,37.479816016,127.135315178
OC3CL200165,서울특별시 송파구 송파대로 108,37.4803769,127.1256549
OC3CL200090,서울특별시 강동구 양재대로 1376,37.52869449,127.1373789
OC3CL200091,서울특별시 강동구 천호대로219길 64,37.548559121,127.170906985
OC3CL200092,서울특별시 강동구 아리수로25가길 14-11,37.55888187,127.135606683
OC3CL200093,서울특별시 강동구 성안로25길 21,37.538219655,127.134580994
OC3CL200094,서울특별시 강동구 풍산로 235,37.56909089,127.1787559
OC3CL200080,서울특별시 강동구 양재대로156길 11,37.5566677,127.144870457
OC3CL200095,서울특별시 강동구 명일로 200-9,37.536623021,127.146469568
OC3CL200097,서울특별시 강동구 천중로49길 32-10,37.542373602,127.143741102
OC3CL200098,서울특별시 강동구 상일동 산 46-11,37.549619644,127.157931363
OC3CL200099,서울특별시 강동구 성내로13길 64,37.530624488,127.128407271
OC3CL200101,서울특별시 강동구 구천면로 370,37.550486694,127.139581625
OC3CL200102,서울특별시 강동구 천중로17길 59,37.547423335,127.131227628
OC3CL200103,서울특별시 강동구 천중로 250,37.540494144,127.148207117
OC3CL200105,서울특별시 강동구 천호대로221길 21,37.547712275,127.172682389
OC3CL200106,서울특별시 강동구 천호대로170길 56,37.533122454,127.132393112
OC3CL200107,서울특별시 강동구 구천면로46길 40,37.548256407,127.136824448
OC3CL200081,서울특별시 강동구 천중로12길 1,37.545147142,127.12755127
OC3CL200108,서울특별시 강동구 동남로82길 9,37.56062598,127.157430977
OC3CL200060,서울특별시 강동구 둔촌동 산 29-1,37.522210234,127.145519881
OC3CL200083,서울특별시 강동구 동남로49길 7,37.531829328,127.149670745
OC3CL200117,서울특별시 강동구 상일동 507,37.550873724,127.177576272
OC3CL200110,서울특별시 강동구 고덕로 68,37.554657278,127.132859102
OC3CL200084,서울특별시 강동구 천중로 15,37.545889848,127.123709975
OC3CL200114,서울특별시 강동구 올림픽로91길 7,37.547990969,127.1261718
OC3CL200062,서울특별시 강동구 선사로6길 52,37.5419264,127.1212875
OC3CL200017,서울특별시 강동구 강동대로 199,37.52406575,127.1285088
OC3CL200072,서울특별시 강동구 암사동 135,37.55965518,127.1313318
OC3CL200074,서울특별시 강동구 천호동 42,37.54622953,127.1430279
OC3CL200070,서울특별시 강동구 강동대로 143-22,37.5271227,127.121652
OC3CL200205,서울특별시 강동구 성내동 19-1,37.536777281,127.12873612
OC3CL200171,서울특별시 강동구 양재대로 1716,37.55879892,127.1442342
OC3CL200131,서울특별시 강동구 강일동 599-13,37.56319088,127.1722885
OC3CL200123,서울특별시 강동구 강동대로 245,37.52168425,127.133751
OC3CL200071,서울특별시 강동구 상일로 139,37.55937343,127.1707968
OC3CL200158,서울특별시 강동구 강동대로 305,37.519393591,127.139318186
OC3CL200061,서울대공원,37.424820304,127.019676386
OC3CL200010,서울대공원,37.428771637,127.016073851
OC3CL200065,서울대공원,37.43431809,127.0113387
OC3CL200011,서울대공원,37.422013068,127.024265831
OC3CL200221,서울특별시 용산구 한강대로38길 35,37.52846761,126.9701563
OC3CL200222,서울특별시 성북구 성북동 241-5,37.59455493,126.9942895
OC3CL200230,서울특별시 강서구 마곡동 64-2 서남물재생센터,37.57394,126.8295
OC3CL200231,서울특별시 마포구 증산로 87 문화비축기지 T5월드컵경기장방향,37.5714929,126.8953585
OC3CL200232,서울특별시 종로구 세종로 1-68,37.57462781,126.97655326
OC3CL200233,서울특별시 서초구 매헌로 99,37.47103893,127.0348531
OC3CL200234,서울특별시 마포구 창전동 3-230 와우산공원 ,37.55192,126.93068
OC3CL200235,서울특별시 마포구 상암동 1735 부엉이 근린공원,37.58536,126.88318
OC3CL200236,서울특별시 서초구 매헌로 99,37.4674889,127.0378992
OC3CL200237,서울특별시 마포구 증산로 87 문화비축기지,37.5716508,126.8931674
OC3CL200238,서울특별시 서초구 매헌로 99,37.4719635,127.0335605
OC3CL200239,서울특별시 마포구 아현동 267-2 ,37.55471603,126.9570676
OC3CL200240,서울특별시 강북구 월계로 173,37.620686,127.038326
OC3CL200241,서울특별시 마포구 중동18 경의선 선형의숲,37.573197145,126.905074
OC3CL200242,서울특별시 마포구 월드컵로 75 망원역 2번출구 앞,37.5558194,126.9101206
OC3CL200243,서울특별시 마포구 도화동 50-1,37.54050048,126.946732
OC3CL200244,서울특별시 마포구 월드컵로 196 마포구청역 1번출구 앞 CCTV 번호 : 주정차080,37.56478813,126.902467
OC3CL200245,서울특별시 동대문구 서울시립대로163 서울시립대학교 창공관 옥상,37.58467,127.06033
OC3CL200246,서울특별시 마포구 구수동 2-60 CCTV 번호 : 방범960  / 마라톤 공인중개사앞,37.54730914,126.9334691
OC3CL200247,서울특별시 종로구 송월길 52 서울기후관측소,37.57141569,126.9658836
OC3CL200248,서울특별시 마포구 증산로 87 문화비축기지,37.5708262,126.8945468
OC3CL200249,서울특별시 강북구 월계로 173 CCTV번호 31,37.622123,127.042386
OC3CL200250,서울특별시 강북구 월계로 173 CCTV번호 17,37.621988,127.039499
OC3CL200251,서울특별시 마포구 증산로 87 문화비축기지 안내동앞 ,37.56982383,126.8943003
OC3CL200252,서울특별시 마포구 월드컵로 42길 2,37.577605,126.881035
OC3CL200253,서울특별시 용산구 이촌로255 신용산초등학교 본관 옥상,37.52048496,126.9758238
OC3CL200254,서울특별시 마포구 서교동 353-1 CCTV 번호 : 주정차062,37.55522092,126.9212273
OC3CL200255,서울특별시 관악구 관악로1 서울대학교 대기환경관측소,37.45285,126.95019
OC3CL200256,서울특별시 성동구 청계천로540 서울시설공단 B4층 기계실,37.5716201595004,127.036088628704
OC3CL200257,서울특별시 마포구 성산동 산11-64 성산근린공원,37.56231,126.91081
OC3CL200259,서울특별시 마포구 서교동 348-42,37.55553338,126.92358944
OC3CL200223,서울특별시 서초구 반포동 1340,37.50250195,126.9811208
OC3CL200224,서울특별시 서초구 반포동 1324,37.49955712,126.9907718
OC3CL200225,서울특별시 중랑구 묵동 189-11,37.60972579,127.07285307
OC3CL200258,서울특별시 종로구 세종로 1-68,37.5717938,126.9766251
OC3CL200226,서울특별시 종로구 세종로 1-68,37.57076319,126.97655326
V02Q1941000,서울특별시 관악구 신림동길 14,37.4871672,126.9259298
V02Q1941006,서울특별시 마포구 포은로6길 10,37.5552571,126.9042671
V02Q1941013,서울특별시 양천구 오목로34길 5,37.5245308,126.855007
V02Q1941015,서울특별시 성동구 뚝섬로3길 18,37.5416558,127.0482802
V02Q1940935,서울특별시 중구 서소문동 37,37.5643408,126.9756125
OC3CL200301,서울특별시 동작구 상도로 276,37.50274051,126.94774571
OC3CL200302,서울특별시 동작구 사당로12길 2,37.48459807,126.97097553
OC3CL200303,서울특별시 동작구 상도로 65,37.49987542,126.92798137
OC3CL200304,서울특별시 동작구 사당로 2,37.49577463,126.95445016
OC3CL200305,서울특별시 동작구 상도로 181,37.50494775,126.93896606
OC3CL200306,서울특별시 종로구 세종대로 169,37.57168834,126.97639253
OC3CL200307,서울특별시 종로구 묘동 돈화문로 45,37.57247558,126.99142303
OC3CL200308,서울특별시 종로구 자하문로 71,37.58239766,126.97046962
OC3CL200309,서울특별시 종로구 자하문로 21,37.57804395,126.97166456
OC3DL230025,서울특별시 종로구 교남동 74-7번지,37.56946732,126.96342733
OC3DL230026,서울특별시 종로구 행촌동 25-14,37.57223957,126.96367604
OC3DL230027,서울특별시 종로구 무악동 5-28,37.57583831,126.95655417
OC3CL210108,서울특별시 강동구 명일동 312-250,37.551219,127.142892
OC3CL210110,서울특별시 강동구 명일동 322-1,37.551007,127.141546
OC3CL210101,서울특별시 강동구 암사동 421-98,37.550864,127.140121
OC3CL210099,서울특별시 강동구 암사동 425-181,37.550809,127.138698
OC3CL210100,서울특별시 강동구 암사동 477-22,37.550091,127.137133
OC3CL210112,서울특별시 강동구 암사동 487-37,37.549388,127.136401
OC3CL210113,서울특별시 강동구 암사동 487-30,37.548469,127.135694
OC3CL210109,서울특별시 강동구 천호동 293-13,37.546624,127.134161
OC3CL210106,서울특별시 강동구 천호동 294-23,37.545723,127.133548
OC3CL210105,서울특별시 강동구 천호동 297-2,37.545095,127.133058
OC3CL210104,서울특별시 강동구 천호동 280-15,37.543174,127.131691
OC3CL210103,서울특별시 강동구 천호동 397-17,37.541053,127.129818
OC3CL210114,서울특별시 강동구 성내동 382-6,37.5338967,127.133699
OC3CL210102,서울특별시 강동구 성내동 407,37.532012,127.132767
OC3CL210111,서울특별시 강동구 성내동 409-1,37.530736,127.132165
OC3CL210107,서울특별시 강동구 성내동 422,37.528351,127.130989
OC3CL210115,서울특별시 강동구 성내동 435-12,37.525641,127.129665
OC3CL200310,서울특별시 중랑구 용마산로 389,37.586321,127.094888
OC3CL200311,서울특별시 중랑구 상봉동 481-2,37.604187,127.090031
OC3CL210300,서울특별시 중랑구 신내동 63-10,37.61408445,127.10164536
OC3CL240001,서울특별시 중랑구 망우동 534-4,37.6010659,127.10064542
OC3CL200312,서울특별시 동대문구 전농로 86-1,37.57264824,127.05754893
OC3CL200313,서울특별시 동대문구 사가정로 122,37.57750587,127.0584201
OC3CL200314,서울특별시 강북구 오현로 147,37.62550525,127.03692932
OC3CL200315,서울특별시 강북구 오현로 65,37.61892126,127.03617895
OC3CL200316,서울특별시 광진구 용마산로7길 33,37.55933497,127.08579483
OC3CL200317,서울특별시 광진구 용마산로22길 9,37.56365801,127.0876893
OC3CL200318,서울특별시 광진구 군자로11길 11,37.55081905,127.07047365
OC3CL200319,서울특별시 광진구 광장로 89,37.54808923,127.10684333
OC3DL220022,서울특별시 광진구 천호대로 553,37.55745889,127.07982995
OC3CL200320,서울특별시 은평구 가좌로 191,37.58784932,126.91986777
OC3CL200321,서울특별시 은평구 가좌로 240,37.59122386,126.91605056
OC3CL200322,서울특별시 은평구 가좌로 294,37.59454964,126.91176519
OC3CL200323,서울특별시 은평구 가좌로 359,37.5978478,126.90601125
V02Q2300003,서울특별시 은평구 통일로 856,37.61949666,126.92110691
V02Q2300004,서울특별시 은평구 통일로 948,37.62756971,126.91989469
V02Q2300005,서울특별시 은평구 진관동 89-11,37.63401377,126.91737791
V02Q2300006,서울특별시 은평구 진관동 56-16,37.64214802,126.91580765
V02Q2300007,서울특별시 은평구 진관동 74-22,37.6463178,126.90852756
OC3KL240004,서울특별시 은평구 녹번동 282-3,37.06194967,126.9211069
OC3KL240005,서울특별시 은평구 통일로 685,37.60736463,126.9324707
OC3KL240006,서울특별시 은평구 통일로 831,37.61767832,126.9221328
V02Q2300001,서울특별시 관악구 신림동 289-3,37.47129464,126.9341757
V02Q2300002,서울특별시 관악구 신림동 815-2,37.47088656,126.93910684
OC3DL220020,서울특별시 성동구 금호동 4가 1263-14,37.47129464,126.9341757
OC3DL220021,서울특별시 성동구 금호동 3가 1540-3,37.47088656,126.93910684
OC3KL240015,서울특별시 강동구 고덕동 348-2,37.56608814,127.15904093
OC3KL240014,서울특별시 강동구 고덕동 468-1,37.56324517,127.15815607
OC3KL240012,서울특별시 강동구 강일동 204-2,37.57154306,127.17157796
OC3KL240013,서울특별시 강동구 상일동 554-53,37.55476092,127.17936066
OC3CL240002,서울특별시 동대문구 전농동 150-41,37.58332281,127.05384114
OC3CL240003,서울특별시 동대문구 전농동 103-616,37.58463889,127.05291473
OC3CL250001,서울특별시 중랑구 봉우재로 127,37.59293291,127.08708259
